card_id,labeled_by,is_skipped,ignore_standard,minimalist,whimsical,maximalist,traditional_watercolor,crisp_digital_portrait,cinematic,handcrafted_diorama,comic_manga_ink,surreal_abstract,urban_pop_art,sumi_e_ink,painterly,kinetic,chaotic,modern,legendary
swsh12pt5gg-GG01,Legacy,0,0,0,1,0,0,0,0,0,0,0,0,0,0,0,0,0,0
swsh12pt5gg-GG13,Legacy,0,0,0,0,0,0,0,0,0,0,0,0,0,0,0,0,0,0
swsh12pt5gg-GG25,Legacy,0,0,0,1,0,0,0,0,0,0,0,0,0,0,0,0,0,0
swsh12pt5gg-GG37,Legacy,0,0,0,1,0,0,0,0,0,0,0,1,0,0,0,0,0,0
swsh12pt5gg-GG49,Legacy,0,0,0,0,0,0,0,0,1,0,0,0,0,0,0,0,0,0
swsh12pt5gg-GG61,Legacy,0,0,0,0,0,0,0,0,0,0,0,0,0,0,0,0,0,0
swsh11tg-TG03,Legacy,0,0,0,0,0,0,0,0,0,1,0,0,0,0,0,0,0,0
swsh11tg-TG15,Legacy,0,0,0,0,0,0,0,1,0,0,0,0,0,0,0,0,0,0
swsh11tg-TG28,Legacy,0,0,0,0,0,0,0,0,0,0,0,0,0,0,0,0,0,0
sv6-10,Legacy,0,1,0,0,0,0,0,0,0,0,0,0,0,0,0,0,0,0
sv6-21,Legacy,0,1,0,0,0,0,0,0,0,0,0,0,0,0,0,0,0,0
sv6-34,Legacy,0,1,0,0,0,0,0,0,0,0,0,1,0,0,0,0,0,0
sv6-46,Legacy,0,1,0,0,0,0,0,0,0,0,0,0,0,0,0,0,0,0
sv6-58,Legacy,0,1,0,0,0,0,0,0,0,0,0,0,0,0,0,0,0,0
sv6-70,Legacy,0,1,0,0,0,0,0,0,0,0,0,0,0,0,0,0,0,0
sv6-82,Legacy,0,1,0,0,0,0,0,0,0,0,0,0,0,0,0,0,0,0
sv6-93,Legacy,0,1,0,0,0,0,0,0,0,0,0,0,0,0,0,0,0,0
sv6-104,Legacy,0,1,0,0,0,0,0,0,0,0,0,0,0,0,0,0,0,0
sv6-115,Legacy,0,0,0,0,1,0,0,0,0,0,0,0,0,0,0,0,0,0
sv6-126,Legacy,0,0,0,0,0,0,0,0,1,0,0,0,0,0,0,0,0,0
sv6-163,Legacy,0,1,0,0,0,0,0,0,0,0,0,0,0,0,0,0,0,0
swsh12pt5gg-GG02,Legacy,0,0,0,1,0,0,0,0,0,0,0,0,0,0,0,0,0,0
swsh12pt5gg-GG14,Legacy,0,0,0,0,0,0,0,0,0,0,0,0,0,0,0,0,0,0
swsh12pt5gg-GG26,Legacy,0,0,0,0,0,0,1,0,0,0,0,0,0,0,0,0,0,0
swsh12pt5gg-GG38,Legacy,0,0,0,0,0,0,1,1,0,0,0,0,0,0,0,0,0,0
swsh12pt5gg-GG50,Legacy,0,0,0,0,0,1,0,0,0,0,0,0,0,0,0,0,0,0
swsh12pt5gg-GG62,Legacy,0,0,0,1,0,0,0,0,0,0,0,0,0,0,0,0,0,0
swsh11tg-TG04,Legacy,0,0,0,0,0,0,0,0,0,0,0,0,0,0,0,0,0,0
swsh11tg-TG16,Legacy,0,0,0,0,0,0,0,0,0,1,0,0,0,0,0,0,0,0
swsh11tg-TG29,Legacy,0,0,0,0,0,0,1,1,0,0,0,0,0,0,0,0,0,0
sv6-11,Legacy,0,1,0,0,0,0,0,0,0,0,0,0,0,0,0,0,0,0
sv6-22,Legacy,0,1,0,0,0,0,0,0,0,0,0,0,0,0,0,0,0,0
sv6-35,Legacy,0,1,0,0,0,0,0,0,0,0,0,0,0,0,0,0,0,0
sv6-47,Legacy,0,1,0,0,0,0,0,0,0,0,0,0,0,0,0,0,0,0
sv6-62,Legacy,0,1,0,0,0,0,0,0,0,0,0,0,0,0,0,0,0,0
sv6-71,Legacy,0,1,0,0,0,0,0,0,0,0,0,0,0,0,0,0,0,0
sv6-83,Legacy,0,0,0,0,1,0,0,0,0,0,0,0,0,0,0,0,0,0
sv6-94,Legacy,0,0,0,0,0,0,1,0,0,0,0,0,0,0,0,0,0,0
sv6-105,Legacy,0,0,0,0,0,0,0,0,0,0,0,0,0,0,0,0,0,0
sv6-116,Legacy,0,0,0,0,0,0,0,0,0,0,0,0,0,0,0,0,0,0
sv6-127,Legacy,0,0,0,0,0,0,0,0,0,0,0,0,0,0,0,0,0,0
sv6-137,Legacy,0,0,0,0,1,0,0,0,0,0,0,0,0,0,0,0,0,0
swsh12pt5gg-GG03,Legacy,0,0,0,1,0,1,0,0,0,0,0,0,0,0,0,0,0,0
swsh12pt5gg-GG15,Legacy,0,0,0,1,0,0,0,0,0,0,0,0,0,0,0,0,0,0
swsh12pt5gg-GG27,Legacy,0,0,0,0,0,0,1,0,0,0,0,0,0,0,0,0,0,0
swsh12pt5gg-GG39,Legacy,0,0,0,0,1,0,0,0,0,0,0,0,0,0,0,0,0,0
swsh12pt5gg-GG51,Legacy,0,0,0,0,0,0,1,0,0,0,0,0,0,0,0,0,0,0
swsh12pt5gg-GG63,Legacy,0,0,0,0,0,0,0,0,0,1,0,0,0,0,0,0,0,0
swsh11tg-TG05,Legacy,0,0,0,0,0,0,0,0,0,1,0,0,0,0,0,0,0,0
swsh11tg-TG17,Legacy,0,0,0,0,0,0,0,1,0,0,0,0,0,0,0,0,0,0
swsh11tg-TG30,Legacy,0,0,0,0,0,0,1,0,0,0,0,0,0,0,0,0,0,0
sv6-12,Legacy,0,1,0,0,0,0,0,0,0,0,0,0,0,0,0,0,0,0
sv6-24,Legacy,0,1,0,0,0,0,0,0,0,0,0,0,0,0,0,0,0,0
sv6-36,Legacy,0,0,0,0,0,0,0,0,0,0,0,0,0,0,0,0,0,0
sv6-48,Legacy,0,0,0,0,0,0,0,0,0,0,0,0,0,0,0,0,0,0
sv6-59,Legacy,0,0,0,0,0,0,0,0,0,0,0,0,0,0,0,0,0,0
sv6-72,Legacy,0,0,0,0,0,0,0,0,0,0,0,0,0,0,0,0,0,0
sv6-84,Legacy,0,0,0,0,0,0,0,0,0,0,0,0,0,0,0,0,0,0
sv6-95,Legacy,0,0,0,0,0,0,0,0,0,0,0,0,0,0,0,0,0,0
sv6-106,Legacy,0,0,0,0,0,0,1,0,0,0,0,0,0,0,0,0,0,0
sv6-117,Legacy,0,0,0,0,0,0,0,0,0,0,0,0,0,0,0,0,0,0
sv6-128,Legacy,0,0,0,0,0,0,0,0,0,0,0,0,0,0,0,0,0,0
sv6-138,Legacy,0,0,0,0,0,0,0,0,0,0,0,0,0,0,0,0,0,0
swsh12pt5gg-GG04,Legacy,0,0,0,0,1,1,0,0,0,0,0,0,0,0,0,0,0,0
swsh12pt5gg-GG16,Legacy,0,0,0,0,0,0,0,1,0,0,0,0,0,0,0,0,0,0
swsh12pt5gg-GG28,Legacy,0,0,0,0,0,0,0,0,0,0,0,0,0,0,0,0,0,0
swsh12pt5gg-GG40,Legacy,0,0,0,0,0,0,0,1,0,0,0,0,0,0,0,0,0,0
swsh12pt5gg-GG52,Legacy,0,0,0,0,1,0,0,0,0,0,0,0,0,0,0,0,0,0
swsh12pt5gg-GG64,Legacy,0,0,0,0,0,0,0,0,0,1,0,0,0,0,0,0,0,0
swsh11tg-TG06,Legacy,0,0,0,1,0,0,0,0,0,0,0,0,0,0,0,0,0,0
swsh11tg-TG18,Legacy,0,0,0,0,0,0,0,0,0,1,0,0,0,0,0,0,0,0
sv6-1,Legacy,0,1,0,0,0,0,0,0,0,0,0,0,0,0,0,0,0,0
sv6-13,Legacy,0,0,0,0,0,0,0,0,0,0,0,0,0,0,0,0,0,0
sv6-25,Legacy,0,0,0,0,0,0,1,0,0,0,0,0,0,0,0,0,0,0
sv6-37,Legacy,0,0,0,0,0,0,0,0,0,0,0,0,0,0,0,0,0,0
sv6-49,Legacy,0,0,0,0,0,0,0,0,0,0,0,0,0,0,0,0,0,0
sv6-60,Legacy,0,0,0,0,0,0,0,0,0,0,0,0,0,0,0,0,0,0
sv6-73,Legacy,0,0,0,0,0,0,0,0,0,0,0,0,0,0,0,0,0,0
sv6-87,Legacy,0,0,0,0,0,0,0,0,0,0,0,0,0,0,0,0,0,0
sv6-96,Legacy,0,0,0,0,0,0,0,0,0,0,0,0,0,0,0,0,0,0
sv6-107,Legacy,0,1,0,0,0,0,0,0,0,0,0,0,0,0,0,0,0,0
sv6-118,Legacy,0,0,0,0,0,0,1,0,0,0,0,0,0,0,0,0,0,0
sv6-129,Legacy,0,0,0,0,0,0,0,0,0,0,0,0,0,0,0,0,0,0
sv6-139,Legacy,0,0,0,1,0,0,0,0,0,0,0,0,0,0,0,0,0,0
swsh12pt5gg-GG05,Legacy,0,0,0,1,0,0,1,0,0,0,0,0,0,0,0,0,0,0
swsh12pt5gg-GG17,Legacy,0,0,0,0,0,0,0,0,0,1,0,0,0,0,0,0,0,0
swsh12pt5gg-GG29,Legacy,0,0,0,0,0,0,1,0,0,0,0,0,0,0,0,0,0,0
swsh12pt5gg-GG41,Legacy,0,0,0,0,0,0,1,1,0,0,0,0,0,0,0,0,0,0
swsh12pt5gg-GG53,Legacy,0,0,0,0,0,0,1,0,0,0,0,0,0,0,0,0,0,0
swsh12pt5gg-GG65,Legacy,0,0,0,0,0,0,0,0,0,1,0,0,0,0,0,0,0,0
swsh11tg-TG07,Legacy,0,0,0,0,0,0,0,0,0,0,0,0,0,0,0,0,0,0
swsh11tg-TG19,Legacy,0,0,0,0,0,0,1,0,0,1,0,0,0,0,0,0,0,0
sv6-2,Legacy,0,0,0,0,0,0,0,0,0,0,0,0,0,0,0,0,0,0
sv6-16,Legacy,0,1,0,0,0,0,0,0,0,0,0,0,0,0,0,0,0,0
sv6-26,Legacy,0,0,0,1,0,0,0,0,0,0,0,0,0,0,0,0,0,0
sv6-38,Legacy,0,0,0,0,0,0,0,0,0,0,0,0,0,0,0,0,0,0
sv6-50,Legacy,0,0,0,0,0,0,0,0,0,0,0,0,0,0,0,0,0,0
sv6-61,Legacy,0,0,0,0,0,0,1,0,0,0,0,0,0,0,0,0,0,0
sv6-74,Legacy,0,0,0,0,0,0,0,0,0,0,0,0,0,0,0,0,0,0
sv6-85,Legacy,0,0,0,0,0,0,0,0,0,0,0,0,0,0,0,0,0,0
sv6-97,Legacy,0,0,0,0,0,0,0,0,0,0,0,0,0,0,0,0,0,0
sv6-108,Legacy,0,0,0,0,0,0,0,0,0,0,0,0,0,0,0,0,0,0
sv6-119,Legacy,0,0,0,0,0,0,0,0,0,0,0,0,0,0,0,0,0,0
sv6-130,Legacy,0,0,0,0,0,0,1,0,0,0,0,0,0,0,0,0,0,0
sv6-140,Legacy,0,0,0,0,0,0,0,0,0,0,0,0,0,0,0,0,0,0
swsh12pt5gg-GG06,Legacy,0,0,0,1,0,0,0,0,0,0,0,0,0,0,0,0,0,0
swsh12pt5gg-GG18,Legacy,0,0,0,1,0,0,0,0,0,0,0,0,0,0,0,0,0,0
swsh12pt5gg-GG30,Legacy,0,0,0,1,0,0,1,0,0,0,0,0,0,0,0,0,0,0
swsh12pt5gg-GG42,Legacy,0,0,0,1,0,0,0,1,0,0,0,0,0,0,0,0,0,0
swsh12pt5gg-GG54,Legacy,0,0,0,0,1,0,0,0,0,0,0,0,0,0,0,0,0,0
swsh12pt5gg-GG66,Legacy,0,0,0,0,0,0,0,0,0,0,0,1,0,0,0,0,0,0
swsh11tg-TG08,Legacy,0,0,0,0,0,0,0,0,0,1,0,0,0,0,0,0,0,0
swsh11tg-TG20,Legacy,0,0,0,0,0,0,1,0,0,1,0,0,0,0,0,0,0,0
sv6-3,Legacy,0,1,0,0,0,0,0,0,0,0,0,0,0,0,0,0,0,0
sv6-18,Legacy,0,0,0,0,0,0,0,0,0,0,0,0,0,0,0,0,0,0
sv6-27,Legacy,0,0,0,0,0,0,0,0,0,0,0,0,0,0,0,0,0,0
sv6-39,Legacy,0,1,0,0,0,0,0,0,0,0,0,0,0,0,0,0,0,0
sv6-51,Legacy,0,0,0,1,0,0,0,0,0,0,0,0,0,0,0,0,0,0
sv6-63,Legacy,0,0,0,0,0,0,0,0,0,0,0,0,0,0,0,0,0,0
sv6-75,Legacy,0,0,0,0,0,0,0,0,0,0,0,0,0,0,0,0,0,0
sv6-86,Legacy,0,0,0,0,0,0,0,0,0,0,0,0,0,0,0,0,0,0
sv6-99,Legacy,0,0,0,0,0,0,0,0,0,0,0,0,0,0,0,0,0,0
sv6-109,Legacy,0,0,0,0,0,0,0,0,0,0,0,0,0,0,0,0,0,0
sv6-120,Legacy,0,0,0,0,0,0,0,0,0,0,0,0,0,0,0,0,0,0
sv6-131,Legacy,0,0,0,0,0,0,0,0,0,0,0,0,0,0,0,0,0,0
sv6-141,Legacy,0,0,0,0,0,0,1,0,0,0,0,0,0,0,0,0,0,0
swsh12pt5gg-GG07,Legacy,0,0,1,1,0,0,0,0,0,0,0,0,0,0,0,0,0,0
swsh12pt5gg-GG19,Legacy,0,0,0,1,0,0,0,0,1,0,0,0,0,0,0,0,0,0
swsh12pt5gg-GG31,Legacy,0,0,0,0,0,0,1,0,0,0,0,0,0,0,0,0,0,0
swsh12pt5gg-GG43,Legacy,0,0,0,0,1,0,0,1,0,0,0,0,0,0,0,0,0,0
swsh12pt5gg-GG55,Legacy,0,0,0,0,0,0,0,0,0,0,1,0,0,0,0,0,0,0
swsh12pt5gg-GG67,Legacy,0,0,0,0,0,1,0,0,0,0,1,0,0,0,0,0,0,0
swsh11tg-TG09,Legacy,0,0,0,0,0,0,0,0,0,1,0,0,0,0,0,0,0,0
swsh11tg-TG21,Legacy,0,0,0,0,0,0,1,0,0,0,0,0,0,0,0,0,0,0
sv6-4,Legacy,0,0,0,0,0,0,0,0,0,0,0,0,0,0,0,0,0,0
sv6-23,Legacy,0,0,0,0,0,0,1,0,0,0,0,0,0,0,0,0,0,0
sv6-28,Legacy,0,1,0,0,0,0,0,0,0,0,0,0,0,0,0,0,0,0
sv6-40,Legacy,0,0,0,0,0,0,1,0,0,0,0,0,0,0,0,0,0,0
sv6-52,Legacy,0,0,0,0,0,1,0,0,0,0,0,0,0,0,0,0,0,0
sv6-64,Legacy,0,0,0,0,0,0,1,0,0,0,0,0,0,0,0,0,0,0
sv6-76,Legacy,0,0,0,0,0,0,0,0,0,0,0,0,0,0,0,0,0,0
sv6-89,Legacy,0,0,0,1,0,0,0,0,0,0,0,0,0,0,0,0,0,0
sv6-98,Legacy,0,1,0,0,0,0,0,0,0,0,0,0,0,0,0,0,0,0
sv6-110,Legacy,0,0,0,0,0,0,0,0,0,0,1,0,0,0,0,0,0,0
sv6-121,Legacy,0,0,0,0,1,0,0,0,0,0,0,0,0,0,0,0,0,0
sv6-132,Legacy,0,0,0,1,0,0,0,0,0,0,0,0,0,0,0,0,0,0
sv6-142,Legacy,0,1,0,0,0,0,0,0,0,0,0,0,0,0,0,0,0,0
me2pt5-4,Legacy,0,0,0,0,0,0,0,0,0,0,0,0,0,0,0,0,0,0
swsh12pt5gg-GG08,Legacy,0,0,0,1,0,0,0,0,0,0,0,1,0,0,0,0,0,0
swsh12pt5gg-GG20,Legacy,0,0,0,1,0,0,0,0,0,0,0,0,0,0,0,0,0,0
swsh12pt5gg-GG32,Legacy,0,0,0,0,0,0,1,0,0,0,0,0,0,0,0,0,0,0
swsh12pt5gg-GG44,Legacy,0,0,0,0,1,0,0,1,0,1,0,0,0,0,0,0,0,0
swsh12pt5gg-GG56,Legacy,0,0,0,0,0,0,0,0,0,0,0,0,1,0,0,0,0,0
swsh12pt5gg-GG68,Legacy,0,0,0,0,0,1,0,0,0,0,1,0,0,0,0,0,0,0
swsh11tg-TG10,Legacy,0,0,0,0,0,0,1,0,0,0,0,0,0,0,0,0,0,0
swsh11tg-TG22,Legacy,0,0,0,0,0,0,1,1,0,0,0,0,0,0,0,0,0,0
sv6-7,Legacy,0,0,0,0,0,0,0,0,0,0,0,0,0,0,0,0,0,0
sv6-14,Legacy,0,0,0,0,0,0,0,0,0,0,0,0,0,0,0,0,0,0
sv6-29,Legacy,0,0,0,0,0,0,1,0,0,0,0,0,0,0,0,0,0,0
sv6-41,Legacy,0,0,0,0,0,1,0,0,0,0,0,0,0,0,0,0,0,0
sv6-53,Legacy,0,0,0,0,0,0,0,0,0,0,0,0,0,0,0,0,0,0
sv6-65,Legacy,0,0,0,0,0,0,1,0,0,0,0,0,0,0,0,0,0,0
sv6-77,Legacy,0,0,0,0,0,0,1,0,0,0,0,0,0,0,0,0,0,0
sv6-88,Legacy,0,0,0,0,0,0,0,0,0,0,0,0,0,0,0,0,0,0
sv6-100,Legacy,0,0,0,0,0,0,0,0,0,0,0,0,1,0,0,0,0,0
sv6-111,Legacy,0,0,0,0,0,0,0,0,0,0,0,0,0,0,0,0,0,0
sv6-122,Legacy,0,0,0,0,0,0,0,0,0,0,0,0,0,0,0,0,0,0
sv6-133,Legacy,0,1,0,0,0,0,0,0,0,0,0,0,0,0,0,0,0,0
sv6-143,Legacy,0,1,0,0,0,0,0,0,0,0,0,0,0,0,0,0,0,0
swsh12pt5gg-GG09,Legacy,0,0,0,1,0,0,1,0,0,0,0,0,0,0,0,0,0,0
swsh12pt5gg-GG21,Legacy,0,0,0,0,0,0,1,0,0,0,0,0,0,0,0,0,0,0
swsh12pt5gg-GG33,Legacy,0,0,0,0,0,0,1,0,0,0,0,0,0,0,0,0,0,0
swsh12pt5gg-GG45,Legacy,0,0,0,1,0,0,1,0,0,0,0,0,0,0,0,0,0,0
swsh12pt5gg-GG57,Legacy,0,0,0,0,0,0,0,0,0,0,0,0,0,0,0,0,0,0
swsh12pt5gg-GG69,Legacy,0,0,0,0,0,1,0,0,0,0,1,0,0,0,0,0,0,0
swsh11tg-TG11,Legacy,0,0,0,0,0,0,1,0,0,0,0,0,0,0,0,0,0,0
swsh11tg-TG23,Legacy,0,1,0,0,0,0,0,0,0,0,0,0,0,0,0,0,0,0
sv6-6,Legacy,0,0,0,0,0,0,0,0,0,0,0,0,0,0,0,0,0,0
sv6-15,Legacy,0,0,0,0,0,0,0,0,0,0,0,0,0,0,0,0,0,0
sv6-30,Legacy,0,0,0,0,0,0,0,0,0,0,0,0,0,0,0,0,0,0
sv6-42,Legacy,0,0,0,0,0,0,0,0,0,0,0,0,0,0,0,0,0,0
sv6-56,Legacy,0,0,0,0,0,0,0,0,1,0,0,0,0,0,0,0,0,0
sv6-66,Legacy,0,0,0,0,0,0,0,0,0,0,0,0,0,0,0,0,0,0
sv6-78,Legacy,0,0,0,0,0,0,0,0,0,0,0,0,0,0,0,0,0,0
sv6-90,Legacy,0,0,0,0,0,0,0,0,0,0,0,0,0,0,0,0,0,0
sv6-101,Legacy,0,0,0,0,0,0,0,0,0,0,0,0,0,0,0,0,0,0
sv6-112,Legacy,0,0,0,0,0,0,1,0,0,0,0,0,0,0,0,0,0,0
sv6-123,Legacy,0,0,0,0,1,0,0,1,0,0,0,0,0,0,0,0,0,0
sv6-134,Legacy,0,0,0,0,0,0,1,1,0,0,0,0,0,0,0,0,0,0
sv6-144,Legacy,0,1,0,0,0,0,0,0,0,0,0,0,0,0,0,0,0,0
swsh12pt5gg-GG10,Legacy,0,0,0,1,0,0,0,0,0,0,0,0,0,0,0,0,0,0
swsh12pt5gg-GG22,Legacy,0,0,0,1,0,0,0,0,0,0,0,0,0,0,0,0,0,0
swsh12pt5gg-GG34,Legacy,0,0,0,0,0,0,1,0,0,0,0,0,0,0,0,0,0,0
swsh12pt5gg-GG46,Legacy,0,0,0,0,1,0,0,1,0,0,0,0,0,0,0,0,0,0
swsh12pt5gg-GG58,Legacy,0,0,0,0,0,0,0,0,0,1,0,0,0,0,0,0,0,0
swsh12pt5gg-GG70,Legacy,0,0,0,0,0,1,0,0,0,0,1,0,0,0,0,0,0,0
swsh11tg-TG12,Legacy,0,0,0,0,0,0,0,0,0,1,0,0,0,0,0,0,0,0
swsh11tg-TG24,Legacy,0,0,0,0,0,0,0,0,0,0,0,0,0,0,0,0,0,0
sv6-5,Legacy,0,0,0,0,0,0,0,0,0,0,0,0,0,0,0,0,0,0
sv6-17,Legacy,0,0,0,0,0,0,0,0,0,0,0,0,0,0,0,0,0,0
sv6-31,Legacy,0,0,0,0,0,0,0,0,0,0,0,0,0,0,0,0,0,0
sv6-43,Legacy,0,0,0,0,0,0,0,0,0,0,0,0,0,0,0,0,0,0
sv6-57,Legacy,0,0,0,0,0,0,0,0,0,0,0,0,0,0,0,0,0,0
sv6-67,Legacy,0,0,0,0,0,0,0,0,0,0,0,0,0,0,0,0,0,0
sv6-79,Legacy,0,0,0,0,0,0,0,0,0,0,0,0,0,0,0,0,0,0
sv6-91,Legacy,0,0,0,0,0,0,0,0,1,0,0,0,0,0,0,0,0,0
sv6-102,Legacy,0,0,0,0,0,0,0,0,0,0,0,0,0,0,0,0,0,0
sv6-113,Legacy,0,0,0,0,0,0,0,0,0,0,0,0,0,0,0,0,0,0
sv6-124,Legacy,0,0,0,0,0,0,0,0,0,0,0,0,0,0,0,0,0,0
sv6-135,Legacy,0,0,0,0,0,0,0,0,0,0,0,0,0,0,0,0,0,0
sv6-152,Legacy,0,1,0,0,0,0,0,0,0,0,0,0,0,0,0,0,0,0
swsh12pt5gg-GG11,Legacy,0,0,0,1,0,1,0,0,0,0,0,0,0,0,0,0,0,0
swsh12pt5gg-GG23,Legacy,0,0,0,1,0,0,0,0,0,0,0,0,0,0,0,0,0,0
swsh12pt5gg-GG35,Legacy,0,0,0,0,1,0,0,0,0,0,0,0,0,0,0,0,0,0
swsh12pt5gg-GG47,Legacy,0,0,0,0,0,0,0,1,0,0,0,0,0,0,0,0,0,0
swsh12pt5gg-GG59,Legacy,0,0,0,0,0,0,0,0,0,0,0,0,0,0,0,0,0,0
swsh11tg-TG01,Legacy,0,0,0,0,0,0,0,0,0,0,0,0,0,0,0,0,0,0
swsh11tg-TG13,Legacy,0,0,0,0,0,0,0,1,0,0,0,0,0,0,0,0,0,0
swsh11tg-TG25,Legacy,0,0,0,0,0,0,0,0,0,0,0,0,0,0,0,0,0,0
sv6-8,Legacy,0,0,0,0,0,0,0,0,0,0,0,0,0,0,0,0,0,0
sv6-19,Legacy,0,0,0,0,0,0,0,0,0,0,0,0,0,0,0,0,0,0
sv6-32,Legacy,0,0,0,0,0,0,0,0,0,0,0,0,0,0,0,0,0,0
sv6-44,Legacy,0,0,0,0,0,0,0,0,0,0,0,0,0,0,0,0,0,0
sv6-54,Legacy,0,0,0,0,0,0,0,0,0,0,0,0,0,0,0,0,0,0
sv6-69,Legacy,0,0,0,0,0,0,0,0,0,0,0,0,0,0,0,0,0,0
sv6-80,Legacy,0,0,0,0,0,0,0,0,0,0,0,0,0,0,0,0,0,0
sv6-162,Legacy,0,1,0,0,0,0,0,0,0,0,0,0,0,0,0,0,0,0
sv3pt5-2,Legacy,0,1,0,0,0,0,0,0,0,0,0,0,0,0,0,0,0,0
sv3pt5-1,Legacy,0,0,0,0,0,0,0,0,0,0,0,0,0,0,0,0,0,0
sv3pt5-3,Legacy,0,0,0,0,0,0,1,0,0,0,0,0,0,0,0,0,0,0
sv3pt5-7,Legacy,0,1,0,0,0,0,0,0,0,0,0,0,0,0,0,0,0,0
sv3pt5-168,Legacy,0,0,1,0,0,0,0,0,0,0,0,0,0,0,0,0,0,0
sv3pt5-19,Legacy,0,0,0,0,0,0,0,0,0,0,0,0,0,0,0,0,0,0
sv3pt5-8,Legacy,0,0,0,0,0,0,0,0,0,0,0,0,0,0,0,0,0,0
sv3pt5-23,Legacy,0,0,0,0,0,0,0,0,0,0,0,0,0,0,0,0,0,0
sv3pt5-9,Legacy,0,0,0,0,0,0,1,0,0,0,0,0,0,0,0,0,0,0
sv3pt5-24,Legacy,0,0,0,0,0,0,1,0,0,0,0,0,0,0,0,0,0,0
sv3pt5-12,Legacy,0,0,0,0,0,0,0,0,0,0,0,0,0,0,0,0,0,0
sv3pt5-25,Legacy,0,0,0,0,0,0,0,0,0,0,0,0,0,0,0,0,0,0
sv3pt5-16,Legacy,0,0,0,0,0,0,0,0,0,0,0,0,0,0,0,0,0,0
sv3pt5-29,Legacy,0,0,0,0,0,0,0,0,0,0,0,0,0,0,0,0,0,0
sv3pt5-21,Legacy,0,0,0,0,0,0,0,0,0,0,0,0,0,0,0,0,0,0
sv3pt5-33,Legacy,0,0,0,0,0,0,0,0,0,0,0,0,0,0,0,0,0,0
sv3pt5-30,Legacy,0,0,0,0,0,0,0,0,0,0,0,0,0,0,0,0,0,0
sv3pt5-34,Legacy,0,0,0,0,0,0,0,0,0,0,0,0,0,0,0,0,0,0
sv3pt5-32,Legacy,0,0,0,0,0,0,0,0,0,0,0,0,0,0,0,0,0,0
sv3pt5-35,Legacy,0,0,0,0,0,0,0,0,0,0,0,0,0,0,0,0,0,0
sv3pt5-36,Legacy,0,0,0,0,0,0,0,0,0,0,0,0,0,0,0,0,0,0
sv3pt5-44,Legacy,0,0,0,0,0,0,0,0,0,0,0,0,0,0,0,0,0,0
sv3pt5-45,Legacy,0,0,0,0,0,0,0,0,0,0,0,0,0,0,0,0,0,0
sv3pt5-46,Legacy,0,0,0,0,0,0,0,0,0,0,0,0,0,0,0,0,0,0
sv3pt5-51,Legacy,0,0,0,0,0,0,0,0,0,0,0,0,0,0,0,0,0,0
sv3pt5-47,Legacy,0,0,0,0,0,0,0,0,0,0,0,0,0,0,0,0,0,0
sv3pt5-50,Legacy,0,0,0,0,0,0,0,0,0,0,0,0,0,0,0,0,0,0
sv3pt5-4,Legacy,0,1,0,0,0,0,0,0,0,0,0,0,0,0,0,0,0,0
sv3pt5-14,Legacy,0,0,0,0,0,0,0,0,0,0,0,0,0,0,0,0,0,0
sv3pt5-5,Legacy,0,0,0,0,0,0,0,0,0,0,0,0,0,0,0,0,0,0
sv3pt5-6,Legacy,0,0,0,0,0,0,1,0,0,0,0,0,0,0,0,0,0,0
sv3pt5-10,Legacy,0,0,0,0,0,0,0,0,0,0,0,0,0,0,0,0,0,0
sv3pt5-11,Legacy,0,0,0,0,0,0,0,0,0,0,0,0,0,0,0,0,0,0
sv3pt5-13,Legacy,0,0,0,0,0,0,0,0,0,0,0,0,0,0,0,0,0,0
sv3pt5-17,Legacy,0,0,0,0,0,0,0,0,0,0,0,0,0,0,0,0,0,0
sv3pt5-18,Legacy,0,1,0,0,0,0,0,0,0,0,0,0,0,0,0,0,0,0
sv3pt5-26,Legacy,0,0,0,0,0,0,0,0,0,0,0,0,0,0,0,0,0,0
sv3pt5-27,Legacy,0,0,0,0,0,0,0,0,0,0,0,0,0,0,0,0,0,0
sv3pt5-28,Legacy,0,0,0,0,0,0,0,0,0,0,0,0,0,0,0,0,0,0
sv3pt5-31,Legacy,0,0,0,0,0,0,0,0,0,0,0,0,0,0,0,0,0,0
sv3pt5-193,Legacy,0,0,0,0,0,0,1,0,0,0,0,0,0,0,0,0,0,0
sv3pt5-39,Legacy,0,0,0,0,0,0,0,0,0,0,0,0,0,0,0,0,0,0
sv3pt5-40,Legacy,0,0,0,0,0,0,1,0,0,0,0,0,0,0,0,0,0,0
sv3pt5-41,Legacy,0,0,0,0,0,0,0,0,0,0,0,0,0,0,0,0,0,0
sv3pt5-43,Legacy,0,0,0,0,0,0,0,0,0,0,0,0,0,0,0,0,0,0
sv3pt5-49,Legacy,0,0,0,0,0,0,0,0,0,0,0,0,0,0,0,0,0,0
sv3pt5-15,Legacy,0,0,0,0,0,0,0,0,0,0,0,0,0,0,0,0,0,0
sv3pt5-20,Legacy,0,0,0,0,0,0,0,0,0,0,0,0,0,0,0,0,0,0
sv3pt5-22,Legacy,0,0,0,0,0,0,0,0,0,0,0,0,0,0,0,0,0,0
sv3pt5-37,Legacy,0,0,0,0,0,0,0,0,0,0,0,0,0,0,0,0,0,0
sv3pt5-38,Legacy,0,0,0,0,0,1,1,0,0,0,0,0,0,0,0,0,0,0
sv3pt5-42,Legacy,0,0,0,0,0,0,0,0,0,0,0,0,0,0,0,0,0,0
sv3pt5-48,Legacy,0,0,0,0,0,0,0,0,0,0,0,0,0,0,0,0,0,0
sv3pt5-52,Legacy,0,0,0,0,0,0,0,0,0,0,0,0,0,0,0,0,0,0
sv3pt5-53,Legacy,0,1,0,0,0,0,0,0,0,0,0,0,0,0,0,0,0,0
sv3pt5-59,Legacy,0,0,0,0,0,0,0,0,0,0,0,0,0,0,0,0,0,0
sv3pt5-54,Legacy,0,0,0,0,0,0,0,0,0,0,0,0,0,0,0,0,0,0
sv3pt5-60,Legacy,0,0,0,0,0,0,0,0,0,0,0,0,0,0,0,0,0,0
sv3pt5-61,Legacy,0,0,0,0,0,0,0,0,0,0,0,0,0,0,0,0,0,0
sv3pt5-71,Legacy,0,0,0,0,0,0,0,0,0,0,0,0,0,0,0,0,0,0
sv3pt5-78,Legacy,0,0,0,0,0,0,0,0,0,0,0,0,0,0,0,0,0,0
sv3pt5-82,Legacy,0,0,0,0,0,0,0,0,1,0,0,0,0,0,0,0,0,0
sv3pt5-85,Legacy,0,0,0,0,0,0,0,0,1,0,0,0,0,0,0,0,0,0
sv3pt5-92,Legacy,0,0,0,0,1,0,0,0,0,0,1,0,0,0,0,0,0,0
sv3pt5-94,Legacy,0,0,0,0,1,0,0,0,0,0,1,0,0,0,0,0,0,0
sv3pt5-95,Legacy,0,0,0,0,0,0,1,0,0,0,0,0,0,0,0,0,0,0
sv3pt5-58,Legacy,0,0,0,0,0,0,1,0,0,0,0,0,0,0,0,0,0,0
sv3pt5-64,Legacy,0,0,0,0,0,0,0,0,0,0,0,0,0,0,0,0,0,0
sv3pt5-66,Legacy,0,0,0,0,0,0,1,0,0,0,0,0,0,0,0,0,0,0
sv3pt5-69,Legacy,0,0,0,0,0,0,0,0,0,0,0,0,0,0,0,0,0,0
sv3pt5-72,Legacy,0,0,0,0,0,0,0,0,0,0,0,0,0,0,0,0,0,0
sv3pt5-73,Legacy,0,0,0,0,0,0,0,0,0,0,0,0,0,0,0,0,0,0
sv3pt5-76,Legacy,0,0,0,0,0,0,1,0,0,0,0,0,0,0,0,0,0,0
sv3pt5-77,Legacy,0,0,0,0,0,0,1,0,0,0,0,0,0,0,0,0,0,0
sv3pt5-79,Legacy,0,0,0,1,0,0,0,0,0,0,0,0,0,0,0,0,0,0
sv3pt5-83,Legacy,0,0,0,0,0,0,0,0,0,0,0,0,0,0,0,0,0,0
sv3pt5-174,Legacy,0,0,0,0,0,0,1,0,0,0,0,0,0,0,0,0,0,0
sv3pt5-84,Legacy,0,0,0,0,0,0,0,0,1,0,0,0,0,0,0,0,0,0
sv3pt5-56,Legacy,0,0,0,0,0,0,0,0,0,0,0,0,0,0,0,0,0,0
sv3pt5-63,Legacy,0,0,0,0,0,0,0,0,1,0,0,0,0,0,0,0,0,0
sv3pt5-67,Legacy,0,0,0,0,0,0,1,0,0,0,0,0,0,0,0,0,0,0
sv3pt5-68,Legacy,0,0,0,0,0,0,1,0,0,0,0,0,0,0,0,0,0,0
sv3pt5-70,Legacy,0,1,0,0,0,0,0,0,0,0,0,0,0,0,0,0,0,0
sv3pt5-75,Legacy,0,1,0,0,0,0,0,0,0,0,0,0,0,0,0,0,0,0
sv3pt5-81,Legacy,0,0,0,0,0,0,0,0,1,0,0,0,0,0,0,0,0,0
sv3pt5-86,Legacy,0,1,0,0,0,0,0,0,0,0,0,0,0,0,0,0,0,0
sv3pt5-88,Legacy,0,0,0,0,0,0,0,0,0,0,0,0,0,0,0,0,0,0
sv3pt5-93,Legacy,0,0,0,0,1,0,0,0,0,0,1,0,0,0,0,0,0,0
sv3pt5-55,Legacy,0,0,0,0,0,0,0,0,0,0,0,0,0,0,0,0,0,0
sv3pt5-57,Legacy,0,0,0,0,0,0,0,0,0,0,0,0,0,0,0,0,0,0
sv3pt5-62,Legacy,0,0,0,0,0,0,0,0,0,0,0,0,0,0,0,0,0,0
sv3pt5-65,Legacy,0,0,0,0,0,0,1,0,0,0,0,0,0,0,0,0,0,0
sv3pt5-74,Legacy,0,1,0,0,0,0,0,0,0,0,0,0,0,0,0,0,0,0
sv3pt5-80,Legacy,0,0,1,1,0,0,0,0,0,0,0,0,0,0,0,0,0,0
sv3pt5-181,Legacy,0,0,0,0,0,0,0,1,0,0,0,0,0,0,0,0,0,0
sv3pt5-87,Legacy,0,0,0,0,0,0,0,0,0,0,0,0,0,0,0,0,0,0
sv3pt5-145,Legacy,0,0,0,0,0,0,1,0,0,0,0,0,0,0,0,0,0,0
sv3pt5-89,Legacy,0,1,0,0,0,0,0,0,0,0,0,0,0,0,0,0,0,0
sv3pt5-90,Legacy,0,0,0,0,0,0,1,0,0,0,0,0,0,0,0,0,0,0
sv3pt5-91,Legacy,0,0,0,0,0,0,1,0,0,0,0,0,0,0,0,0,0,0
sv3pt5-97,Legacy,0,0,0,0,0,0,0,0,0,0,0,0,0,0,0,0,0,0
sv3pt5-104,Legacy,0,0,0,0,0,0,0,0,0,0,0,0,0,0,0,0,0,0
sv3pt5-105,Legacy,0,1,0,0,0,0,0,0,0,0,0,0,0,0,0,0,0,0
sv3pt5-106,Legacy,0,0,0,0,0,0,1,0,0,0,0,0,0,0,0,0,0,0
sv3pt5-107,Legacy,0,0,0,0,0,0,0,0,0,1,0,0,0,0,0,0,0,0
sv3pt5-112,Legacy,0,0,0,0,0,0,0,0,0,0,0,0,0,0,0,0,0,0
sv3pt5-115,Legacy,0,0,0,0,0,0,1,0,0,0,0,0,0,0,0,0,0,0
sv3pt5-117,Legacy,0,0,0,0,0,0,0,0,0,0,0,0,0,0,0,0,0,0
sv3pt5-119,Legacy,0,0,0,0,0,0,0,0,0,0,0,0,0,0,0,0,0,0
sv3pt5-120,Legacy,0,0,0,0,0,0,0,0,0,0,0,1,0,0,0,0,0,0
sv3pt5-126,Legacy,0,0,0,0,0,0,0,0,0,0,0,1,0,0,0,0,0,0
sv3pt5-128,Legacy,0,0,0,0,0,0,0,0,0,0,0,0,0,0,0,0,0,0
sv3pt5-136,Legacy,0,0,0,0,0,0,1,1,0,0,0,0,0,0,0,0,0,0
sv3pt5-138,Legacy,0,0,1,0,0,0,0,0,0,0,0,0,0,0,0,0,0,0
sv3pt5-139,Legacy,0,0,0,0,0,0,0,0,0,0,0,0,0,0,0,0,0,0
sv3pt5-142,Legacy,0,0,0,0,0,0,0,0,0,0,1,0,0,0,0,0,0,0
sv3pt5-143,Legacy,0,0,0,1,0,0,0,0,0,0,0,0,0,0,0,0,0,0
sv3pt5-100,Legacy,0,0,0,0,0,0,0,1,0,0,0,0,0,0,0,0,0,0
sv3pt5-109,Legacy,0,0,0,1,0,0,0,0,0,0,0,0,0,0,0,0,0,0
sv3pt5-111,Legacy,0,0,0,0,0,0,0,0,0,0,0,0,0,0,0,0,0,0
sv3pt5-116,Legacy,0,0,0,0,0,0,0,0,0,0,0,0,0,0,0,0,0,0
sv3pt5-127,Legacy,0,0,0,0,0,0,0,0,0,0,0,0,0,0,0,0,0,0
sv3pt5-129,Legacy,0,0,0,0,0,0,0,0,0,0,0,0,0,0,0,0,0,0
sv3pt5-130,Legacy,0,0,0,0,0,0,0,0,0,0,0,0,0,0,0,0,0,0
sv3pt5-140,Legacy,0,0,0,0,0,0,1,0,0,0,0,0,0,0,0,0,0,0
sv3pt5-141,Legacy,0,0,0,0,0,0,1,0,0,0,0,0,0,0,0,0,0,0
sv3pt5-144,Legacy,0,0,0,0,0,0,0,0,0,0,0,0,0,0,0,0,0,0
sv3pt5-96,Legacy,0,0,0,1,0,0,0,0,0,0,0,0,0,0,0,0,0,0
sv3pt5-99,Legacy,0,0,0,0,0,0,0,0,0,0,0,0,0,0,0,0,0,0
sv3pt5-101,Legacy,0,0,0,0,0,0,0,0,0,0,0,0,1,0,0,0,0,0
me2pt5-2,Legacy,0,0,0,0,0,0,0,0,0,0,0,0,0,0,0,0,0,0
sv3pt5-103,Legacy,0,0,0,0,0,0,0,0,0,0,0,1,0,0,0,0,0,0
sv3pt5-113,Legacy,0,0,0,1,0,0,0,0,0,0,0,0,0,0,0,0,0,0
sv3pt5-114,Legacy,0,0,0,1,0,1,0,0,0,0,0,0,0,0,0,0,0,0
sv3pt5-118,Legacy,0,0,0,0,0,0,0,0,0,0,0,0,1,0,0,0,0,0
sv3pt5-122,Legacy,0,0,0,0,0,0,0,0,0,0,0,1,0,0,0,0,0,0
sv3pt5-124,Legacy,0,0,0,0,0,0,1,0,0,0,0,0,0,0,0,0,0,0
sv3pt5-125,Legacy,0,0,0,0,0,0,1,0,0,0,0,0,0,0,0,0,0,0
sv3pt5-135,Legacy,0,0,0,0,0,0,0,1,0,0,0,0,0,0,0,0,0,0
sv3pt5-137,Legacy,0,0,0,0,0,0,0,0,1,0,0,0,0,0,0,0,0,0
sv3pt5-98,Legacy,0,0,0,0,0,0,0,0,0,0,0,0,0,0,0,0,0,0
sv3pt5-102,Legacy,0,0,0,0,0,0,0,0,0,0,0,1,0,0,0,0,0,0
sv3pt5-108,Legacy,0,0,0,0,0,0,0,0,0,0,0,1,0,0,0,0,0,0
sv3pt5-110,Legacy,0,0,0,0,0,0,0,0,0,0,0,0,0,0,0,0,0,0
sv3pt5-121,Legacy,0,0,0,0,0,0,0,0,0,0,0,1,0,0,0,0,0,0
sv3pt5-123,Legacy,0,0,0,0,0,0,0,0,0,0,0,0,0,0,0,0,0,0
sv3pt5-131,Legacy,0,0,0,0,0,0,0,0,0,0,0,0,0,0,0,0,0,0
sv3pt5-132,Legacy,0,0,0,1,0,0,0,0,0,0,0,0,0,0,0,0,0,0
sv6-203,Legacy,0,0,0,0,0,0,0,0,0,0,0,0,0,0,0,0,0,0
sv3pt5-133,Legacy,0,0,0,0,0,0,0,0,0,0,0,0,0,0,0,0,0,0
sv3pt5-134,Legacy,0,0,0,0,0,0,0,0,0,0,0,0,0,0,0,0,0,0
sv3pt5-148,Legacy,0,0,0,0,0,0,0,0,0,0,0,0,0,0,0,0,0,0
sv3pt5-149,Legacy,0,0,0,0,0,0,0,0,0,0,0,0,0,0,0,0,0,0
sv3pt5-156,Legacy,0,0,0,0,0,0,0,0,0,0,0,0,0,0,0,0,0,0
sv3pt5-157,Legacy,0,0,0,0,0,0,0,0,0,0,0,0,0,0,0,0,0,0
sv3pt5-162,Legacy,0,1,0,0,0,0,0,0,0,0,0,0,0,0,0,0,0,0
sv3pt5-163,Legacy,0,1,0,0,0,0,0,0,0,0,0,0,0,0,0,0,0,0
sv3pt5-172,Legacy,0,0,0,1,0,0,0,0,1,0,0,0,0,0,0,0,0,0
sv3pt5-173,Legacy,0,0,0,1,0,0,0,0,0,0,0,0,0,0,0,0,0,0
sv3pt5-150,Legacy,0,0,0,0,0,1,0,1,0,0,0,0,0,0,0,0,0,0
sv3pt5-152,Legacy,0,1,0,0,0,0,0,0,0,0,0,0,0,0,0,0,0,0
sv3pt5-153,Legacy,0,1,0,0,0,0,0,0,0,0,0,0,0,0,0,0,0,0
sv3pt5-159,Legacy,0,1,0,0,0,0,0,0,0,0,0,0,0,0,0,0,0,0
sv3pt5-160,Legacy,0,1,0,0,0,0,0,0,0,0,0,0,0,0,0,0,0,0
sv3pt5-164,Legacy,0,1,0,0,0,0,0,0,0,0,0,0,0,0,0,0,0,0
sv3pt5-165,Legacy,0,1,0,0,0,0,0,0,0,0,0,0,0,0,0,0,0,0
me2pt5-3,Legacy,0,0,0,0,0,0,1,0,0,0,0,0,0,0,0,0,0,0
sv3pt5-154,Legacy,0,1,0,0,0,0,0,0,0,0,0,0,0,0,0,0,0,0
sv3pt5-158,Legacy,0,1,0,0,0,0,0,0,0,0,0,0,0,0,0,0,0,0
sv3pt5-166,Legacy,0,0,0,1,0,0,0,0,0,0,0,0,0,0,0,0,0,0
sv3pt5-169,Legacy,0,0,1,0,0,0,0,0,0,0,0,0,0,0,0,0,0,0
sv3pt5-171,Legacy,0,0,1,0,0,0,0,0,0,0,0,0,0,0,0,0,0,0
sv3pt5-146,Legacy,0,0,0,0,0,0,0,0,0,0,0,0,0,0,0,0,0,0
sv3pt5-147,Legacy,0,0,0,0,0,0,1,0,0,0,0,0,0,0,0,0,0,0
sv3pt5-151,Legacy,0,0,0,0,0,0,1,0,0,0,0,0,0,0,0,0,0,0
sv3pt5-155,Legacy,0,1,0,0,0,0,0,0,0,0,0,0,0,0,0,0,0,0
sv3pt5-161,Legacy,0,1,0,0,0,0,0,0,0,0,0,0,0,0,0,0,0,0
sv3pt5-167,Legacy,0,0,0,1,1,0,0,0,0,0,0,0,0,0,0,0,0,0
sv3pt5-170,Legacy,0,0,1,1,0,0,0,0,0,0,0,0,0,0,0,0,0,0
sv3pt5-177,Legacy,0,0,0,1,0,0,0,0,0,0,0,0,0,0,0,0,0,0
sv3pt5-189,Legacy,0,0,0,0,0,0,1,0,0,0,0,0,0,0,0,0,0,0
sv3pt5-179,Legacy,0,0,1,0,0,0,0,0,0,0,0,0,0,0,0,0,0,0
sv3pt5-180,Legacy,0,0,0,0,0,0,0,0,0,0,0,0,0,0,0,0,0,0
sv3pt5-185,Legacy,0,0,0,0,0,0,1,0,0,0,0,0,0,0,0,0,0,0
sv3pt5-187,Legacy,0,0,0,0,0,0,1,0,0,0,0,0,0,0,0,0,0,0
sv3pt5-188,Legacy,0,0,0,0,0,0,1,0,0,0,0,0,0,0,0,0,0,0
sv3pt5-192,Legacy,0,0,0,0,0,0,1,0,0,0,0,0,0,0,0,0,0,0
sv6-208,Legacy,0,1,0,0,0,0,0,0,0,0,0,0,0,0,0,0,0,0
sv3pt5-182,Legacy,0,0,0,0,0,0,1,0,0,0,0,0,0,0,0,0,0,0
sv3pt5-186,Legacy,0,0,0,0,0,0,1,0,0,0,0,0,0,0,0,0,0,0
sv3pt5-191,Legacy,0,0,0,0,0,0,1,0,0,0,0,0,0,0,0,0,0,0
sv3pt5-175,Legacy,0,0,1,1,0,0,0,0,0,0,0,0,0,0,0,0,0,0
sv3pt5-176,Legacy,0,0,0,1,0,1,0,0,0,0,0,0,0,0,0,0,0,0
sv3pt5-178,Legacy,0,0,0,1,0,0,0,0,0,0,0,0,0,0,0,0,0,0
sv3pt5-183,Legacy,0,0,0,0,0,0,1,0,0,0,0,0,0,0,0,0,0,0
sv3pt5-184,Legacy,0,0,0,0,0,0,1,0,0,0,0,0,0,0,0,0,0,0
sv3pt5-190,Legacy,0,0,0,0,0,0,1,0,0,0,0,0,0,0,0,0,0,0
sv3pt5-195,Legacy,0,1,0,0,0,0,0,0,0,0,0,0,0,0,0,0,0,0
sv3pt5-196,Legacy,0,1,0,0,0,0,0,0,0,0,0,0,0,0,0,0,0,0
sv3pt5-197,Legacy,0,1,0,0,0,0,0,0,0,0,0,0,0,0,0,0,0,0
sv3pt5-194,Legacy,0,1,0,0,0,0,0,0,0,0,0,0,0,0,0,0,0,0
sv3pt5-198,Legacy,0,0,0,0,1,0,0,0,0,0,0,0,0,0,0,0,0,0
sv3pt5-199,Legacy,0,0,1,1,0,0,0,0,0,0,0,0,0,0,0,0,0,0
sv3pt5-200,Legacy,0,0,1,0,0,0,0,0,0,0,0,0,0,0,0,0,0,0
sv3pt5-201,Legacy,0,0,0,1,1,0,0,0,0,0,0,0,0,0,0,0,0,0
sv3pt5-206,Legacy,0,1,0,0,0,0,0,0,0,0,0,0,0,0,0,0,0,0
sv3pt5-202,Legacy,0,0,0,0,0,0,0,1,0,0,0,0,0,0,0,0,0,0
sv3pt5-203,Legacy,0,0,0,0,0,0,0,0,0,0,0,0,0,0,0,0,0,0
sv3pt5-204,Legacy,0,0,0,0,0,0,0,0,0,0,0,0,0,0,0,0,0,0
sv3pt5-205,Legacy,0,0,0,0,0,0,1,0,0,0,0,0,0,0,0,0,0,0
swsh11tg-TG26,Legacy,0,0,0,0,0,0,0,0,0,0,0,0,0,0,0,0,0,0
sv3pt5-207,Legacy,0,0,0,0,0,0,0,0,0,0,0,0,0,0,0,0,0,0
swsh12pt5gg-GG12,Legacy,0,0,0,0,0,0,0,1,0,0,0,0,0,0,0,0,0,0
swsh12pt5gg-GG24,Legacy,0,0,0,1,0,0,0,0,0,0,0,0,0,0,0,0,0,0
swsh12pt5gg-GG36,Legacy,0,0,0,0,0,0,0,0,0,0,0,0,1,0,0,0,0,0
swsh12pt5gg-GG48,Legacy,0,0,1,0,0,0,0,0,0,0,0,0,0,0,0,0,0,0
swsh12pt5gg-GG60,Legacy,0,0,0,0,0,0,0,0,0,0,0,0,0,0,0,0,0,0
swsh11tg-TG02,Legacy,0,0,0,0,0,0,0,0,0,0,0,0,0,0,0,0,0,0
swsh11tg-TG14,Legacy,0,0,0,0,0,0,0,0,0,0,0,0,0,0,0,0,0,0
swsh11tg-TG27,Legacy,0,0,0,0,0,0,0,0,0,0,0,0,0,0,0,0,0,0
sv6-9,Legacy,0,0,0,0,0,0,0,0,0,0,0,0,0,0,0,0,0,0
sv6-20,Legacy,0,0,0,0,0,0,0,0,0,0,0,0,0,0,0,0,0,0
sv6-33,Legacy,0,0,0,0,0,0,0,0,0,0,0,0,0,0,0,0,0,0
sv6-45,Legacy,0,0,0,0,0,0,0,0,0,0,0,0,0,0,0,0,0,0
sv6-55,Legacy,0,0,0,0,0,0,0,0,0,0,0,0,0,0,0,0,0,0
sv6-68,Legacy,0,0,0,0,0,0,1,0,0,0,0,0,0,0,0,0,0,0
sv6-81,Legacy,0,0,0,0,0,0,0,0,0,0,0,0,0,0,0,0,0,0
sv6-92,Legacy,0,0,0,0,0,0,0,0,0,0,0,0,0,0,0,0,0,0
sv6-103,Legacy,0,0,0,0,0,0,0,0,0,0,0,0,0,0,0,0,0,0
sv6-114,Legacy,0,0,0,0,0,0,0,0,0,0,0,0,0,0,0,0,0,0
sv6-125,Legacy,0,0,0,0,0,0,0,0,0,0,0,0,0,0,0,0,0,0
sv6-136,Legacy,0,0,0,0,0,0,0,0,0,0,0,0,0,0,0,0,0,0
sv6-145,Legacy,0,0,0,0,0,0,0,0,0,0,0,0,0,0,0,0,0,0
sv6-146,Legacy,0,0,0,0,0,0,0,0,0,0,0,0,0,0,0,0,0,0
sv6-147,Legacy,0,0,0,0,0,0,0,0,0,0,0,0,0,0,0,0,0,0
sv6-148,Legacy,0,0,0,0,0,0,0,0,0,0,0,0,0,0,0,0,0,0
sv6-149,Legacy,0,0,0,0,0,0,0,0,0,0,0,0,0,0,0,0,0,0
sv6-151,Legacy,0,0,0,0,0,0,0,0,0,0,0,0,0,0,0,0,0,0
sv6-150,Legacy,0,0,0,0,0,0,0,0,0,0,0,0,0,0,0,0,0,0
sv6-153,Legacy,0,0,0,0,0,0,0,0,0,0,0,0,0,0,0,0,0,0
sv6-154,Legacy,0,0,0,0,0,0,0,0,0,0,0,0,0,0,0,0,0,0
sv6-155,Legacy,0,0,0,0,0,0,0,0,0,0,0,0,0,0,0,0,0,0
sv6-156,Legacy,0,0,0,0,0,0,0,0,0,0,0,0,0,0,0,0,0,0
sv6-157,Legacy,0,0,0,0,0,0,0,0,0,0,0,0,0,0,0,0,0,0
sv6-158,Legacy,0,0,0,0,0,0,0,0,0,0,0,0,0,0,0,0,0,0
sv6-159,Legacy,0,0,0,0,0,0,0,0,0,0,0,0,0,0,0,0,0,0
sv6-160,Legacy,0,0,0,0,0,0,0,0,0,0,0,0,0,0,0,0,0,0
sv6-161,Legacy,0,0,0,0,0,0,0,0,0,0,0,0,0,0,0,0,0,0
sv6-164,Legacy,0,0,0,0,0,0,0,0,0,0,0,0,0,0,0,0,0,0
sv6-165,Legacy,0,0,0,0,0,0,0,0,0,0,0,0,0,0,0,0,0,0
sv6-166,Legacy,0,1,0,0,0,0,0,0,0,0,0,0,0,0,0,0,0,0
sv6-167,Legacy,0,1,0,0,0,0,0,0,0,0,0,0,0,0,0,0,0,0
sv6-168,Legacy,0,0,0,1,0,0,0,0,0,0,0,1,0,0,0,0,0,0
sv6-169,Legacy,0,0,0,1,0,0,0,0,0,0,0,0,0,0,0,0,0,0
sv6-170,Legacy,0,0,0,1,0,0,0,0,0,1,0,0,0,0,0,0,0,0
sv6-171,Legacy,0,0,0,0,0,0,0,0,0,0,0,1,0,0,0,0,0,0
sv6-172,Legacy,0,0,0,0,0,1,0,0,1,0,0,0,0,0,0,0,0,0
sv6-173,Legacy,0,0,0,0,0,0,0,0,0,0,0,0,1,0,0,0,0,0
sv6-174,Legacy,0,0,0,0,0,0,0,0,0,0,0,0,1,0,0,0,0,0
sv6-175,Legacy,0,0,1,1,0,0,0,0,0,0,0,0,0,0,0,0,0,0
sv6-176,Legacy,0,0,0,0,0,0,0,0,1,0,1,0,0,0,0,0,0,0
sv6-178,Legacy,0,0,1,1,0,0,0,0,0,0,0,0,0,0,0,0,0,0
sv6-179,Legacy,0,0,0,1,0,0,0,0,1,0,0,0,0,0,0,0,0,0
sv6-177,Legacy,0,0,0,0,0,0,1,0,0,0,0,0,0,0,0,0,0,0
sv6-180,Legacy,0,0,0,0,0,0,0,0,0,0,0,0,1,0,0,0,0,0
sv6-181,Legacy,0,0,0,0,0,0,0,0,0,0,0,0,1,0,0,0,0,0
sv6-182,Legacy,0,0,0,0,0,0,0,0,0,0,0,0,0,0,0,0,0,0
sv6-183,Legacy,0,0,0,0,0,0,0,0,0,0,0,0,0,0,0,0,0,0
sv6-184,Legacy,0,0,0,1,0,0,0,0,0,0,0,0,0,0,0,0,0,0
sv6-185,Legacy,0,0,0,1,0,0,0,0,0,0,0,0,0,0,0,0,0,0
sv6-186,Legacy,0,0,0,0,0,0,0,0,0,0,0,1,0,0,0,0,0,0
sv6-187,Legacy,0,0,0,0,0,0,0,0,0,0,0,1,0,0,0,0,0,0
sv6-188,Legacy,0,0,0,1,0,1,0,0,0,0,0,0,0,0,0,0,0,0
sv6-189,Legacy,0,0,0,0,0,0,1,0,0,0,0,0,0,0,0,0,0,0
sv6-190,Legacy,0,0,0,0,0,0,1,0,0,0,0,0,0,0,0,0,0,0
sv6-191,Legacy,0,0,0,0,0,0,1,0,0,0,0,0,0,0,0,0,0,0
sv6-194,Legacy,0,0,0,0,0,0,1,0,0,0,0,0,0,0,0,0,0,0
sv6-192,Legacy,0,0,0,0,0,0,1,0,0,0,0,0,0,0,0,0,0,0
sv6-193,Legacy,0,0,0,0,0,0,1,0,0,0,0,0,0,0,0,0,0,0
sv6-195,Legacy,0,0,0,0,0,0,1,0,0,0,0,0,0,0,0,0,0,0
sv6-196,Legacy,0,0,0,0,0,0,1,0,0,0,0,0,0,0,0,0,0,0
sv6-197,Legacy,0,0,0,0,0,0,1,0,0,0,0,0,0,0,0,0,0,0
sv6-198,Legacy,0,0,0,0,0,0,1,0,0,0,0,0,0,0,0,0,0,0
sv6-199,Legacy,0,0,0,0,0,0,1,0,0,0,0,0,0,0,0,0,0,0
sv6-200,Legacy,0,0,0,0,0,0,1,0,0,0,0,0,0,0,0,0,0,0
sv6-201,Legacy,0,0,0,0,0,0,0,0,0,0,0,0,0,0,0,0,0,0
sv6-202,Legacy,0,0,0,0,0,0,0,0,0,0,0,0,0,0,0,0,0,0
sv6-204,Legacy,0,0,0,0,0,0,0,0,0,0,0,0,0,0,0,0,0,0
sv6-205,Legacy,0,0,0,0,0,0,0,0,0,0,0,0,0,0,0,0,0,0
sv6-206,Legacy,0,0,0,0,0,0,0,0,0,0,0,0,0,0,0,0,0,0
sv6-207,Legacy,0,0,0,0,0,0,0,0,0,0,0,0,0,0,0,0,0,0
sv6-209,Legacy,0,0,0,0,0,0,0,0,0,0,0,0,0,0,0,0,0,0
sv6-211,Legacy,0,0,0,0,0,0,0,0,0,0,0,0,0,0,0,0,0,0
sv6-210,Legacy,0,0,0,0,0,0,0,0,0,0,0,1,0,0,0,0,0,0
sv6-214,Legacy,0,0,0,0,1,0,0,1,0,0,0,0,0,0,0,0,0,0
sv6-212,Legacy,0,0,0,0,1,0,0,1,0,0,0,0,0,0,0,0,0,0
sv6-213,Legacy,0,0,0,0,1,0,0,1,0,0,0,0,0,0,0,0,0,0
sv6-215,Legacy,0,0,0,0,1,0,0,1,0,0,0,0,0,0,0,0,0,0
sv6-216,Legacy,0,0,0,1,0,0,0,0,0,0,0,0,0,0,0,0,0,0
me2pt5-1,Legacy,0,0,0,0,0,0,0,0,0,0,0,0,0,0,0,0,0,0
sv6-218,Legacy,0,0,0,0,0,0,0,0,0,0,0,0,0,0,0,0,0,0
sv6-219,Legacy,0,0,0,1,0,0,0,0,0,0,0,0,0,0,0,0,0,0
sv6-217,Legacy,0,0,0,0,0,0,0,0,0,0,0,0,0,0,0,0,0,0
sv6-220,Legacy,0,0,0,0,0,0,0,0,0,0,0,0,0,0,0,0,0,0
sv6-221,Legacy,0,0,0,0,0,0,0,0,0,0,0,0,0,0,0,0,0,0
sv6-222,Legacy,0,0,0,0,0,0,0,0,0,0,0,0,0,0,0,0,0,0
sv6-223,Legacy,0,0,0,0,0,0,0,0,0,0,0,0,0,0,0,0,0,0
sv6-224,Legacy,0,0,0,0,0,0,0,0,0,0,0,0,0,0,0,0,0,0
sv6-225,Legacy,0,0,0,0,0,0,0,0,0,0,0,0,0,0,0,0,0,0
sv6-226,Legacy,0,1,0,0,0,0,0,0,0,0,0,0,0,0,0,0,0,0
me2pt5-5,Legacy,0,0,0,0,0,0,0,0,0,0,0,0,0,0,0,0,0,0
me2pt5-6,Legacy,0,0,0,0,0,0,0,0,0,0,0,0,0,0,0,0,0,0
me2pt5-7,Legacy,0,0,0,0,0,0,0,0,0,0,0,0,0,0,0,0,0,0
me2pt5-8,Legacy,0,0,0,0,0,0,0,0,0,0,0,0,0,0,0,0,0,0
me2pt5-9,Legacy,0,0,0,0,0,0,0,0,0,0,0,0,0,0,0,0,0,0
me2pt5-10,Legacy,0,0,0,0,0,0,0,0,0,0,0,0,0,0,0,0,0,0
me2pt5-11,Legacy,0,0,0,0,0,0,0,0,0,0,0,0,0,0,0,0,0,0
me2pt5-12,Legacy,0,0,0,0,0,0,0,0,0,0,0,0,0,0,0,0,0,0
me2pt5-13,Legacy,0,0,0,0,0,0,0,0,0,0,0,0,0,0,0,0,0,0
me2pt5-14,Legacy,0,0,0,0,0,0,0,0,0,0,0,0,0,0,0,0,0,0
me2pt5-15,Legacy,0,0,0,0,0,0,0,0,0,0,0,0,0,0,0,0,0,0
me2pt5-16,Legacy,0,0,0,0,1,0,0,0,0,0,0,0,0,0,0,0,0,0
me2pt5-17,Legacy,0,0,0,0,0,0,0,0,0,0,0,0,0,0,0,0,0,0
me2pt5-18,Legacy,0,0,0,0,0,0,0,0,0,0,0,0,0,0,0,0,0,0
me2pt5-19,Legacy,0,0,0,0,0,0,0,0,0,0,0,0,0,0,0,0,0,0
me2pt5-20,Legacy,0,0,0,0,0,0,0,0,0,0,0,0,0,0,0,0,0,0
me2pt5-21,Legacy,0,0,0,0,0,0,0,0,0,0,0,0,0,0,0,0,0,0
me2pt5-22,Legacy,0,0,0,0,0,0,1,0,0,0,0,0,0,0,0,0,0,0
me2pt5-23,Legacy,0,0,0,0,0,0,0,0,0,0,0,0,0,0,0,0,0,0
me2pt5-24,Legacy,0,0,0,0,0,0,0,0,0,0,0,0,0,0,0,0,0,0
me2pt5-25,Legacy,0,0,0,0,0,0,0,0,0,0,0,0,0,0,0,0,0,0
me2pt5-26,Legacy,0,0,0,0,0,0,0,0,0,0,0,0,0,0,0,0,0,0
me2pt5-27,Legacy,0,0,0,1,0,0,0,0,0,0,0,0,0,0,0,0,0,0
me2pt5-28,Legacy,0,0,0,0,0,0,0,0,0,0,0,0,0,0,0,0,0,0
me2pt5-29,Legacy,0,0,0,0,0,0,0,0,0,0,0,0,0,0,0,0,0,0
me2pt5-30,Legacy,0,0,0,0,0,0,0,0,0,0,0,0,0,0,0,0,0,0
me2pt5-31,Legacy,0,0,0,0,0,0,0,0,0,0,0,0,0,0,0,0,0,0
me2pt5-32,Legacy,0,0,0,0,0,0,0,0,0,0,0,0,0,0,0,0,0,0
me2pt5-33,Legacy,0,0,0,0,0,0,0,0,0,0,0,0,0,0,0,0,0,0
me2pt5-34,Legacy,0,0,0,0,0,0,0,0,0,0,0,0,0,0,0,0,0,0
me2pt5-35,Legacy,0,0,0,0,0,0,0,0,0,0,0,0,0,0,0,0,0,0
me2pt5-36,Legacy,0,0,0,0,0,0,0,0,0,0,0,0,0,0,0,0,0,0
me2pt5-37,Legacy,0,0,0,0,0,0,0,0,0,0,0,0,0,0,0,0,0,0
me2pt5-38,Legacy,0,0,0,0,0,0,0,0,0,0,0,0,0,0,0,0,0,0
me2pt5-39,Legacy,0,0,0,0,0,0,0,0,0,0,0,0,0,0,0,0,0,0
me2pt5-40,Legacy,0,0,0,0,0,0,0,0,0,0,0,0,0,0,0,0,0,0
me2pt5-41,Legacy,0,0,0,0,0,0,0,0,0,0,0,0,0,0,0,0,0,0
me2pt5-42,Legacy,0,0,0,0,0,0,0,0,0,0,0,0,0,0,0,0,0,0
me2pt5-43,Legacy,0,0,0,0,0,0,0,0,0,0,0,0,0,0,0,0,0,0
me2pt5-44,Legacy,0,0,0,0,0,0,0,0,0,0,0,0,0,0,0,0,0,0
me2pt5-45,Legacy,0,0,0,0,0,0,0,0,0,0,0,0,0,0,0,0,0,0
me2pt5-46,Legacy,0,0,0,0,0,0,0,0,0,0,0,0,0,0,0,0,0,0
me2pt5-47,Legacy,0,0,0,0,0,0,0,0,0,0,0,0,0,0,0,0,0,0
me2pt5-48,Legacy,0,0,0,0,0,0,0,0,0,0,0,0,0,0,0,0,0,0
me2pt5-49,Legacy,0,0,0,0,0,0,0,0,0,0,0,0,0,0,0,0,0,0
me2pt5-50,Legacy,0,0,0,0,0,0,0,0,0,0,0,0,0,0,0,0,0,0
me2pt5-51,Legacy,0,0,0,0,0,0,0,0,0,0,0,0,0,0,0,0,0,0
me2pt5-52,Legacy,0,0,0,0,0,0,0,0,0,0,0,0,0,0,0,0,0,0
me2pt5-53,Legacy,0,0,0,0,0,0,0,0,0,0,0,0,0,0,0,0,0,0
me2pt5-54,Legacy,0,0,0,0,0,0,0,0,0,0,0,0,0,0,0,0,0,0
me2pt5-55,Legacy,0,0,0,0,0,0,0,0,0,0,0,0,0,0,0,0,0,0
me2pt5-56,Legacy,0,0,0,0,0,0,0,0,0,0,0,0,0,0,0,0,0,0
me2pt5-57,Legacy,0,0,0,0,0,0,1,0,0,0,0,0,0,0,0,0,0,0
me2pt5-58,Legacy,0,0,0,0,0,0,0,0,0,0,0,0,0,0,0,0,0,0
me2pt5-59,Legacy,0,0,0,0,0,0,0,0,0,0,0,0,0,0,0,0,0,0
me2pt5-60,Legacy,0,0,0,0,0,0,0,0,0,0,0,0,0,0,0,0,0,0
me2pt5-61,Legacy,0,0,0,0,0,0,0,0,0,0,0,0,0,0,0,0,0,0
me2pt5-62,Legacy,0,0,0,0,0,0,0,0,1,0,0,0,0,0,0,0,0,0
me2pt5-63,Legacy,0,0,0,0,0,0,0,0,0,0,0,0,0,0,0,0,0,0
me2pt5-64,Legacy,0,0,0,0,0,0,0,0,0,0,0,0,0,0,0,0,0,0
me2pt5-65,Legacy,0,0,0,0,0,0,0,0,0,0,0,0,0,0,0,0,0,0
me2pt5-66,Legacy,0,0,0,0,0,0,0,0,0,0,0,0,0,0,0,0,0,0
me2pt5-67,Legacy,0,0,0,0,0,0,0,0,0,0,0,0,0,0,0,0,0,0
me2pt5-68,Legacy,0,0,0,0,0,0,0,0,0,0,0,0,0,0,0,0,0,0
me2pt5-69,Legacy,0,0,0,0,0,0,0,0,0,0,0,0,0,0,0,0,0,0
me2pt5-70,Legacy,0,0,0,0,0,0,0,0,0,0,0,0,0,0,0,0,0,0
me2pt5-71,Legacy,0,0,0,0,0,0,0,0,0,0,0,0,0,0,0,0,0,0
me2pt5-72,Legacy,0,0,0,0,0,0,0,0,0,0,0,0,0,0,0,0,0,0
me2pt5-73,Legacy,0,0,0,0,0,0,0,0,0,0,0,0,0,0,0,0,0,0
me2pt5-74,Legacy,0,0,0,0,0,0,0,0,0,0,0,0,0,0,0,0,0,0
me2pt5-75,Legacy,0,0,0,0,0,0,0,0,0,0,0,0,0,0,0,0,0,0
me2pt5-76,Legacy,0,0,0,0,0,0,0,0,0,0,0,0,0,0,0,0,0,0
me2pt5-77,Legacy,0,0,0,0,0,0,0,0,0,0,0,0,0,0,0,0,0,0
me2pt5-78,Legacy,0,0,0,0,0,0,0,0,0,0,0,0,0,0,0,0,0,0
me2pt5-79,Legacy,0,0,0,0,0,0,0,0,0,0,0,0,0,0,0,0,0,0
me2pt5-80,Legacy,0,0,0,0,0,0,0,0,0,0,0,0,0,0,0,0,0,0
me2pt5-81,Legacy,0,0,0,0,0,0,0,0,0,0,0,0,0,0,0,0,0,0
me2pt5-82,Legacy,0,0,0,0,0,0,0,0,0,0,0,0,0,0,0,0,0,0
me2pt5-83,Legacy,0,0,0,0,0,0,0,0,0,0,0,0,0,0,0,0,0,0
me2pt5-84,Legacy,0,0,0,0,0,0,0,0,0,0,0,0,0,0,0,0,0,0
me2pt5-85,Legacy,0,0,0,0,0,0,0,0,0,0,0,0,0,0,0,0,0,0
me2pt5-86,Legacy,0,0,0,0,0,0,0,0,0,0,0,0,0,0,0,0,0,0
me2pt5-87,Legacy,0,0,0,0,0,0,0,0,0,0,0,0,0,0,0,0,0,0
me2pt5-88,Legacy,0,0,0,0,0,0,0,0,0,0,0,0,0,0,0,0,0,0
me2pt5-89,Legacy,0,0,0,0,0,0,0,0,0,0,0,0,0,0,0,0,0,0
me2pt5-90,Legacy,0,0,0,0,0,0,0,0,0,0,0,0,0,0,0,0,0,0
me2pt5-91,Legacy,0,0,0,0,0,0,0,0,0,0,0,0,0,0,0,0,0,0
me2pt5-92,Legacy,0,0,0,0,0,0,0,0,0,0,0,0,0,0,0,0,0,0
me2pt5-93,Legacy,0,0,0,1,0,0,0,0,0,0,0,1,0,0,0,0,0,0
me2pt5-94,Legacy,0,0,0,0,0,0,0,0,0,0,0,0,0,0,0,0,0,0
me2pt5-95,Legacy,0,0,0,0,0,0,0,0,0,0,0,0,0,0,0,0,0,0
me2pt5-96,Legacy,0,0,0,0,0,0,0,0,0,0,0,0,0,0,0,0,0,0
me2pt5-97,Legacy,0,0,0,0,0,0,0,0,0,0,0,0,0,0,0,0,0,0
me2pt5-98,Legacy,0,0,0,0,0,0,0,0,0,0,0,0,0,0,0,0,0,0
me2pt5-99,Legacy,0,0,0,0,0,0,0,0,0,0,0,0,0,0,0,0,0,0
me2pt5-100,Legacy,0,0,0,0,0,0,0,0,0,0,0,0,0,0,0,0,0,0
me2pt5-101,Legacy,0,0,0,0,0,0,0,0,0,0,0,0,0,0,0,0,0,0
me2pt5-102,Legacy,0,0,0,0,0,0,0,0,0,0,0,0,0,0,0,0,0,0
me2pt5-103,Legacy,0,0,0,0,0,0,0,0,0,0,0,0,0,0,0,0,0,0
me2pt5-104,Legacy,0,0,0,0,0,0,0,0,0,0,0,0,0,0,0,0,0,0
me2pt5-105,Legacy,0,0,0,0,0,0,0,0,0,0,0,0,0,0,0,0,0,0
me2pt5-106,Legacy,0,0,0,0,0,0,0,0,0,0,0,0,0,0,0,0,0,0
me2pt5-107,Legacy,0,0,0,0,0,0,0,0,0,0,0,0,0,0,0,0,0,0
me2pt5-108,Legacy,0,0,0,0,0,0,0,0,0,0,0,0,0,0,0,0,0,0
me2pt5-109,Legacy,0,0,0,0,0,0,0,0,0,0,0,0,0,0,0,0,0,0
me2pt5-110,Legacy,0,0,0,0,0,0,0,0,0,0,0,0,0,0,0,0,0,0
me2pt5-111,Legacy,0,0,0,0,0,0,0,0,0,0,0,0,0,0,0,0,0,0
me2pt5-112,Legacy,0,0,0,0,0,0,0,0,0,0,0,0,0,0,0,0,0,0
me2pt5-113,Legacy,0,0,0,0,0,0,0,0,0,0,0,0,0,0,0,0,0,0
me2pt5-114,Legacy,0,0,0,0,0,0,0,0,0,0,0,0,0,0,0,0,0,0
me2pt5-115,Legacy,0,0,0,0,0,0,0,0,0,0,0,0,0,0,0,0,0,0
me2pt5-116,Legacy,0,0,0,0,0,0,0,0,0,0,0,0,0,0,0,0,0,0
me2pt5-117,Legacy,0,0,0,0,0,0,0,0,0,0,0,0,0,0,0,0,0,0
me2pt5-118,Legacy,0,0,0,0,0,0,0,0,0,0,0,0,0,0,0,0,0,0
me2pt5-119,Legacy,0,0,0,0,0,0,0,0,0,0,0,0,0,0,0,0,0,0
me2pt5-120,Legacy,0,0,0,0,0,0,0,0,0,0,0,0,0,0,0,0,0,0
me2pt5-121,Legacy,0,0,0,0,0,0,0,0,0,0,0,0,0,0,0,0,0,0
me2pt5-122,Legacy,0,0,0,0,0,0,0,0,0,0,0,0,0,0,0,0,0,0
me2pt5-123,Legacy,0,0,0,0,0,0,0,0,0,0,0,0,0,0,0,0,0,0
me2pt5-124,Legacy,0,0,0,0,0,0,0,0,0,0,0,0,0,0,0,0,0,0
me2pt5-125,Legacy,0,0,0,0,0,0,0,0,0,0,0,0,0,0,0,0,0,0
me2pt5-126,Legacy,0,0,0,0,0,0,0,0,0,0,0,0,0,0,0,0,0,0
me2pt5-127,Legacy,0,0,0,0,0,0,0,0,0,0,0,0,0,0,0,0,0,0
me2pt5-128,Legacy,0,0,0,0,0,0,0,0,0,0,0,0,0,0,0,0,0,0
me2pt5-129,Legacy,0,0,0,0,0,0,0,0,0,0,0,0,0,0,0,0,0,0
me2pt5-130,Legacy,0,0,0,0,0,0,0,0,0,0,0,1,0,0,0,0,0,0
me2pt5-131,Legacy,0,0,0,0,0,0,0,0,0,0,0,0,0,0,0,0,0,0
me2pt5-132,Legacy,0,0,0,0,0,0,0,0,0,0,0,0,0,0,0,0,0,0
me2pt5-133,Legacy,0,0,0,0,0,0,0,0,0,0,0,0,0,0,0,0,0,0
me2pt5-134,Legacy,0,0,0,0,0,0,0,0,0,0,0,0,0,0,0,0,0,0
me2pt5-135,Legacy,0,0,0,0,0,0,1,0,0,0,0,0,0,0,0,0,0,0
me2pt5-136,Legacy,0,0,0,0,0,0,0,0,0,0,0,0,0,0,0,0,0,0
me2pt5-137,Legacy,0,0,0,0,0,0,0,0,0,0,0,0,0,0,0,0,0,0
me2pt5-138,Legacy,0,0,0,0,0,0,0,0,0,0,0,0,0,0,0,0,0,0
me2pt5-139,Legacy,0,0,0,0,0,0,0,0,0,0,0,0,0,0,0,0,0,0
me2pt5-140,Legacy,0,0,0,0,0,0,0,1,0,0,0,0,0,0,0,0,0,0
me2pt5-141,Legacy,0,0,0,0,0,0,0,0,0,0,1,0,0,0,0,0,0,0
me2pt5-142,Legacy,0,0,0,0,0,0,0,0,0,0,0,0,0,0,0,0,0,0
me2pt5-143,Legacy,0,0,0,0,0,0,0,0,0,0,0,0,0,0,0,0,0,0
me2pt5-144,Legacy,0,0,0,0,0,0,0,0,0,0,0,0,0,0,0,0,0,0
me2pt5-145,Legacy,0,0,0,0,0,0,0,0,0,0,0,0,0,0,0,0,0,0
me2pt5-146,Legacy,0,0,0,0,0,0,0,0,0,0,0,0,0,0,0,0,0,0
me2pt5-147,Legacy,0,0,0,0,0,0,0,0,0,0,0,0,0,0,0,0,0,0
me2pt5-148,Legacy,0,0,0,0,0,0,0,0,0,0,0,0,0,0,0,0,0,0
me2pt5-149,Legacy,0,0,0,0,0,0,0,0,0,0,0,0,0,0,0,0,0,0
me2pt5-150,Legacy,0,0,1,0,0,0,0,0,0,0,0,0,0,0,0,0,0,0
me2pt5-151,Legacy,0,0,0,0,0,0,0,0,0,0,0,0,0,0,0,0,0,0
me2pt5-152,Legacy,0,0,0,0,0,0,1,0,0,0,0,0,0,0,0,0,0,0
me2pt5-153,Legacy,0,0,0,0,0,0,0,1,0,0,0,0,0,0,0,0,0,0
me2pt5-154,Legacy,0,0,0,0,0,0,0,0,0,0,0,0,0,0,0,0,0,0
me2pt5-155,Legacy,0,0,0,0,0,0,0,1,0,0,0,0,0,0,0,0,0,0
me2pt5-156,Legacy,0,0,0,0,0,0,0,0,0,0,0,0,0,0,0,0,0,0
me2pt5-157,Legacy,0,0,0,0,0,0,0,1,0,0,0,0,0,0,0,0,0,0
me2pt5-158,Legacy,0,0,0,0,0,0,0,0,0,0,0,0,0,0,0,0,0,0
me2pt5-159,Legacy,0,0,0,0,0,0,0,0,0,0,0,0,0,0,0,0,0,0
me2pt5-160,Legacy,0,0,0,0,0,0,0,0,0,0,0,0,0,0,0,0,0,0
me2pt5-161,Legacy,0,0,0,0,0,0,0,0,0,0,0,0,0,0,0,0,0,0
me2pt5-162,Legacy,0,0,0,0,0,0,0,0,0,0,0,0,0,0,0,0,0,0
me2pt5-163,Legacy,0,0,0,0,0,0,0,0,0,0,0,0,0,0,0,0,0,0
me2pt5-164,Legacy,0,0,0,0,0,0,0,0,0,0,0,0,0,0,0,0,0,0
me2pt5-165,Legacy,0,0,0,1,0,0,0,0,0,0,0,0,0,0,0,0,0,0
me2pt5-166,Legacy,0,0,0,0,0,0,0,0,0,0,0,0,0,0,0,0,0,0
me2pt5-167,Legacy,0,0,0,0,0,0,0,0,0,0,0,0,0,0,0,0,0,0
me2pt5-168,Legacy,0,0,0,0,0,0,0,0,0,0,0,0,0,0,0,0,0,0
me2pt5-169,Legacy,0,0,0,0,0,0,0,0,0,0,0,0,0,0,0,0,0,0
me2pt5-170,Legacy,0,0,0,0,0,0,0,0,0,0,0,0,0,0,0,0,0,0
me2pt5-171,Legacy,0,0,0,0,0,0,0,0,0,0,0,0,0,0,0,0,0,0
me2pt5-172,Legacy,0,0,0,0,0,0,0,0,0,0,0,0,0,0,0,0,0,0
me2pt5-173,Legacy,0,0,0,0,0,0,0,0,0,0,0,0,0,0,0,0,0,0
me2pt5-174,Legacy,0,0,0,0,0,0,0,0,0,0,0,0,0,0,0,0,0,0
me2pt5-175,Legacy,0,0,0,1,0,0,0,0,0,0,0,0,0,0,0,0,0,0
me2pt5-176,Legacy,0,0,0,0,0,0,0,0,0,0,0,0,0,0,0,0,0,0
me2pt5-177,Legacy,0,0,0,0,0,0,0,0,0,0,0,0,0,0,0,0,0,0
me2pt5-178,Legacy,0,0,0,0,1,0,0,0,0,0,0,0,0,0,0,0,0,0
me2pt5-179,Legacy,0,0,0,0,1,0,1,0,0,0,0,0,0,0,0,0,0,0
me2pt5-180,Legacy,0,0,0,0,0,0,0,0,0,0,0,0,0,0,0,0,0,0
me2pt5-181,Legacy,0,0,0,0,0,0,0,0,0,0,0,0,0,0,0,0,0,0
me2pt5-182,Legacy,0,1,0,0,0,0,0,0,0,0,0,0,0,0,0,0,0,0
me2pt5-183,Legacy,0,1,0,0,0,0,0,0,0,0,0,0,0,0,0,0,0,0
me2pt5-184,Legacy,0,1,0,0,0,0,0,0,0,0,0,0,0,0,0,0,0,0
me2pt5-185,Legacy,0,0,0,0,0,0,0,0,0,0,0,0,0,0,0,0,0,0
me2pt5-186,Legacy,0,1,0,0,0,0,0,0,0,0,0,0,0,0,0,0,0,0
me2pt5-187,Legacy,0,0,0,0,0,0,0,0,0,0,0,0,0,0,0,0,0,0
me2pt5-188,Legacy,0,0,0,0,0,0,0,0,0,0,0,0,0,0,0,0,0,0
me2pt5-189,Legacy,0,1,0,0,0,0,0,0,0,0,0,0,0,0,0,0,0,0
me2pt5-190,Legacy,0,0,0,0,0,0,0,0,0,0,0,0,0,0,0,0,0,0
me2pt5-191,Legacy,0,0,0,0,0,0,0,0,0,0,0,0,0,0,0,0,0,0
me2pt5-192,Legacy,0,1,0,0,0,0,0,0,0,0,0,0,0,0,0,0,0,0
me2pt5-193,Legacy,0,0,0,0,0,0,0,0,0,0,0,0,0,0,0,0,0,0
me2pt5-194,Legacy,0,0,0,0,0,0,0,0,0,0,0,0,0,0,0,0,0,0
me2pt5-195,Legacy,0,0,0,0,0,0,0,0,0,0,0,0,0,0,0,0,0,0
me2pt5-196,Legacy,0,0,0,0,0,0,0,0,0,0,0,0,0,0,0,0,0,0
me2pt5-197,Legacy,0,1,0,0,0,0,0,0,0,0,0,0,0,0,0,0,0,0
me2pt5-198,Legacy,0,0,0,0,0,0,0,0,0,0,0,0,0,0,0,0,0,0
me2pt5-199,Legacy,0,0,0,0,0,0,0,0,0,0,0,0,0,0,0,0,0,0
me2pt5-200,Legacy,0,0,0,0,0,0,0,0,0,0,0,0,0,0,0,0,0,0
me2pt5-201,Legacy,0,0,0,0,0,0,0,0,0,0,0,0,0,0,0,0,0,0
me2pt5-202,Legacy,0,1,0,0,0,0,0,0,0,0,0,0,0,0,0,0,0,0
me2pt5-203,Legacy,0,0,0,0,0,0,0,0,0,0,0,0,0,0,0,0,0,0
me2pt5-204,Legacy,0,0,0,0,0,0,0,0,0,0,0,0,0,0,0,0,0,0
me2pt5-205,Legacy,0,0,0,0,0,0,0,0,0,0,0,0,0,0,0,0,0,0
me2pt5-206,Legacy,0,0,0,0,0,0,0,0,0,0,0,0,0,0,0,0,0,0
me2pt5-207,Legacy,0,0,0,0,0,0,0,0,0,0,0,0,0,0,0,0,0,0
me2pt5-208,Legacy,0,0,0,0,0,0,0,0,0,0,0,0,0,0,0,0,0,0
me2pt5-209,Legacy,0,0,0,0,0,0,0,0,0,0,0,0,0,0,0,0,0,0
me2pt5-210,Legacy,0,0,0,0,0,0,0,0,0,0,0,0,0,0,0,0,0,0
me2pt5-211,Legacy,0,0,0,0,0,0,0,0,0,0,0,0,0,0,0,0,0,0
me2pt5-212,Legacy,0,0,0,0,0,0,0,0,0,0,0,0,0,0,0,0,0,0
me2pt5-213,Legacy,0,0,0,0,0,0,0,0,0,0,0,0,0,0,0,0,0,0
me2pt5-214,Legacy,0,0,0,0,0,0,0,0,0,0,0,0,0,0,0,0,0,0
me2pt5-215,Legacy,0,0,0,0,0,0,0,0,0,0,0,0,0,0,0,0,0,0
me2pt5-216,Legacy,0,0,0,0,0,0,0,0,0,0,0,0,0,0,0,0,0,0
me2pt5-217,Legacy,0,0,0,0,0,0,0,0,0,0,0,0,0,0,0,0,0,0
me2pt5-218,Legacy,0,0,0,0,1,1,0,0,0,0,0,0,0,0,0,0,0,0
me2pt5-219,Legacy,0,0,0,0,0,0,0,0,0,0,0,0,1,0,0,0,0,0
me2pt5-220,Legacy,0,0,0,0,0,0,0,0,0,0,0,0,1,0,0,0,0,0
me2pt5-221,Legacy,0,0,0,1,0,0,0,0,0,0,0,0,0,0,0,0,0,0
me2pt5-222,Legacy,0,0,0,0,0,0,0,0,0,1,0,0,0,0,0,0,0,0
me2pt5-223,Legacy,0,0,0,0,0,0,0,0,0,0,0,1,0,0,0,0,0,0
me2pt5-224,Legacy,0,0,0,0,0,0,0,0,0,0,0,0,1,0,0,0,0,0
me2pt5-225,Legacy,0,0,0,1,0,0,0,0,0,0,0,0,0,0,0,0,0,0
me2pt5-226,Legacy,0,0,0,1,0,0,0,0,1,0,0,0,0,0,0,0,0,0
me2pt5-227,Legacy,0,0,0,0,0,0,0,0,0,0,0,0,1,0,0,0,0,0
me2pt5-228,Legacy,0,0,0,0,0,0,0,0,0,0,0,0,1,0,0,0,0,0
me2pt5-229,Legacy,0,0,0,0,0,0,0,0,0,0,0,0,0,0,0,0,0,0
me2pt5-230,Legacy,0,0,0,0,0,0,1,0,0,0,0,0,0,0,0,0,0,0
me2pt5-231,Legacy,0,0,0,1,1,0,0,0,0,1,0,0,0,0,0,0,0,0
me2pt5-232,Legacy,0,0,0,1,0,0,0,0,0,0,0,0,0,0,0,0,0,0
me2pt5-233,Legacy,0,0,0,0,0,0,0,0,0,0,0,0,0,0,0,0,0,0
me2pt5-234,Legacy,0,0,0,0,1,0,0,0,0,0,1,0,0,0,0,0,0,0
me2pt5-235,Legacy,0,0,1,1,0,0,0,0,0,0,0,0,0,0,0,0,0,0
me2pt5-236,Legacy,0,0,0,1,0,0,0,0,0,0,0,0,0,0,0,0,0,0
me2pt5-237,Legacy,0,0,0,0,0,0,0,0,0,0,0,0,1,0,0,0,0,0
me2pt5-238,Legacy,0,0,0,0,0,0,0,0,0,0,0,0,0,0,0,0,0,0
me2pt5-239,Legacy,0,0,0,0,0,1,0,0,0,0,0,0,0,0,0,0,0,0
me2pt5-240,Legacy,0,0,0,0,0,0,0,0,0,0,0,1,0,0,0,0,0,0
me2pt5-241,Legacy,0,0,0,0,0,0,0,0,0,0,1,0,0,0,0,0,0,0
me2pt5-242,Legacy,0,0,0,0,0,0,0,0,0,0,0,0,0,0,0,0,0,0
me2pt5-243,Legacy,0,0,0,0,0,0,0,0,0,0,0,0,1,0,0,0,0,0
me2pt5-244,Legacy,0,0,0,0,0,0,0,0,0,0,0,0,0,0,0,0,0,0
me2pt5-245,Legacy,0,0,0,0,0,0,0,0,0,0,0,0,0,0,0,0,0,0
me2pt5-246,Legacy,0,0,0,0,0,1,0,0,0,0,1,0,0,0,0,0,0,0
me2pt5-247,Legacy,0,0,1,1,0,0,0,0,0,0,0,0,0,0,0,0,0,0
me2pt5-248,Legacy,0,0,1,1,0,0,0,0,0,0,0,0,0,0,0,0,0,0
me2pt5-249,Legacy,0,0,0,0,0,0,0,0,0,0,0,0,0,0,0,0,0,0
me2pt5-250,Legacy,0,0,0,1,0,0,0,0,0,0,0,0,0,0,0,0,0,0
swsh12pt5gg-GG01,Partner,0,0,0,1,0,0,0,0,0,0,0,0,0,0,0,0,0,0
swsh12pt5gg-GG13,Partner,1,0,0,0,0,0,0,0,0,0,0,0,0,0,0,0,0,0
swsh12pt5gg-GG25,Partner,0,0,0,1,0,0,0,0,0,0,0,0,0,0,0,0,0,0
swsh12pt5gg-GG37,Partner,0,0,0,0,0,0,0,0,0,0,0,1,0,0,0,0,0,0
swsh12pt5gg-GG49,Partner,0,0,0,0,0,0,0,0,1,0,0,0,0,0,0,0,0,0
swsh12pt5gg-GG61,Partner,0,0,0,1,0,0,0,0,0,0,0,0,0,0,0,0,0,0
sv6-21,Partner,0,1,0,0,0,0,0,0,0,0,0,0,0,0,0,0,0,0
sv6-34,Partner,0,0,0,0,0,0,0,0,0,0,0,1,0,0,0,0,0,0
sv6-46,Partner,0,0,0,0,0,1,0,0,0,0,0,0,0,0,0,0,0,0
sv8pt5-3,Partner,0,1,0,0,0,0,0,0,0,0,0,0,0,0,0,0,0,0
sv8pt5-2,Partner,0,1,0,0,0,0,0,0,0,0,0,0,0,0,0,0,0,0
sv8pt5-1,Partner,0,1,0,0,0,0,0,0,0,0,0,0,0,0,0,0,0,0
sv8pt5-6,Partner,0,0,0,0,1,0,0,0,0,0,0,0,0,0,0,0,0,0
sv8pt5-8,Partner,0,0,0,1,0,0,0,0,0,0,0,0,0,0,0,0,0,0
sv8pt5-9,Partner,0,0,0,1,0,1,0,0,0,0,0,0,0,0,0,0,0,0
sv8pt5-4,Partner,0,1,0,1,0,0,0,0,0,0,0,0,0,0,0,0,0,0
sv8pt5-5,Partner,0,1,0,1,0,0,0,0,0,0,0,0,0,0,0,0,0,0
sv8pt5-7,Partner,1,0,0,0,0,0,0,0,0,0,0,0,0,0,0,0,0,0
sv8pt5-13,Partner,0,1,0,0,0,0,0,0,0,0,0,0,0,0,0,0,0,0
sv8pt5-11,Partner,0,0,0,0,1,0,1,0,0,0,0,0,0,0,0,0,0,0
sv8pt5-14,Partner,0,0,0,0,1,0,0,0,0,0,0,0,0,0,0,0,0,0
sv8pt5-10,Partner,1,0,0,0,0,0,0,0,0,0,0,0,0,0,0,0,0,0
sv8pt5-12,Partner,0,0,0,0,1,0,1,0,0,0,0,0,0,0,0,0,0,0
sv8pt5-22,Partner,0,0,0,0,0,0,1,0,0,0,0,0,0,0,0,0,0,0
sv8pt5-23,Partner,0,0,0,0,1,0,1,0,0,0,0,0,0,0,0,0,0,0
sv8pt5-25,Partner,0,1,0,0,0,0,0,0,0,0,0,0,0,0,0,0,0,0
sv8pt5-31,Partner,0,0,0,0,1,0,1,0,0,0,0,0,0,0,0,0,0,0
sv8pt5-32,Partner,0,0,0,0,1,0,1,0,0,0,0,0,0,0,0,0,0,0
sv8pt5-33,Partner,0,1,0,0,0,0,0,0,0,0,0,0,0,0,0,0,0,0
sv8pt5-35,Partner,0,1,0,0,0,0,0,0,0,0,0,0,0,0,0,0,0,0
sv8pt5-15,Partner,0,0,0,0,0,1,0,0,0,0,0,0,0,0,0,0,0,0
sv8pt5-21,Partner,0,0,0,0,0,0,1,0,0,0,0,0,0,0,0,0,0,0
sv8pt5-30,Partner,0,0,0,0,0,0,1,0,0,0,0,0,0,0,0,0,0,0
sv8pt5-18,Partner,0,1,0,0,0,0,0,0,0,0,0,0,0,0,0,0,0,0
sv8pt5-24,Partner,0,1,0,0,0,0,0,0,0,0,0,0,0,0,0,0,0,0
sv8pt5-26,Partner,0,0,0,0,1,0,1,0,0,0,0,0,0,0,0,0,0,0
sv8pt5-28,Partner,0,0,0,0,0,0,1,1,0,0,0,0,0,0,0,0,0,0
sv8pt5-16,Partner,0,0,0,0,0,1,0,0,0,0,0,0,0,0,0,0,0,0
sv8pt5-17,Partner,0,0,0,0,1,0,1,0,0,0,0,0,0,0,0,0,0,0
sv8pt5-19,Partner,0,0,0,0,0,1,0,0,0,0,0,0,0,0,0,0,0,0
sv8pt5-20,Partner,0,1,0,0,0,0,0,0,0,0,0,0,0,0,0,0,0,0
sv8pt5-27,Partner,0,0,0,0,1,0,0,0,0,0,0,0,0,0,0,0,0,0
sv8pt5-29,Partner,0,0,0,0,0,0,1,0,0,0,0,0,0,0,0,0,0,0
sv8pt5-34,Partner,0,0,0,0,1,0,1,0,0,0,0,0,0,0,0,0,0,0
sv8pt5-36,Partner,0,0,0,0,0,0,0,0,0,0,0,1,0,0,0,0,0,0
sv8pt5-38,Partner,0,0,1,0,0,0,0,0,0,0,0,0,0,0,0,0,0,0
sv8pt5-45,Partner,0,1,0,0,0,0,0,0,0,0,0,0,0,0,0,0,0,0
sv8pt5-46,Partner,0,0,0,0,0,0,1,0,0,0,0,0,0,0,0,0,0,0
sv8pt5-39,Partner,0,0,0,1,0,0,0,0,0,0,0,0,0,0,0,0,0,0
sv8pt5-42,Partner,0,0,0,1,0,0,0,0,0,0,0,0,0,0,0,0,0,0
sv8pt5-43,Partner,0,1,0,0,0,0,0,0,0,0,0,0,0,0,0,0,0,0
sv8pt5-41,Partner,0,0,0,0,1,0,1,0,0,0,0,0,0,0,0,0,0,0
sv8pt5-37,Partner,0,1,0,0,0,0,0,0,0,0,0,0,0,0,0,0,0,0
sv8pt5-40,Partner,0,1,0,0,0,0,0,0,0,0,0,0,0,0,0,0,0,0
sv8pt5-44,Partner,0,1,0,0,0,0,0,0,0,0,0,0,0,0,0,0,0,0
sv8pt5-49,Partner,0,1,0,0,0,0,0,0,0,0,0,0,0,0,0,0,0,0
sv8pt5-50,Partner,0,0,0,1,0,0,0,0,0,0,0,0,0,0,0,0,0,0
sv8pt5-47,Partner,0,0,0,0,0,0,0,0,0,1,0,0,0,0,0,0,0,0
sv8pt5-48,Partner,0,1,0,0,0,0,0,0,0,0,0,0,0,0,0,0,0,0
sv8pt5-56,Partner,0,0,0,0,1,0,1,0,0,0,0,0,0,0,0,0,0,0
sv8pt5-59,Partner,0,1,0,0,0,0,0,0,0,0,0,0,0,0,0,0,0,0
sv8pt5-51,Partner,0,0,0,0,1,0,1,0,0,0,0,0,0,0,0,0,0,0
sv8pt5-52,Partner,0,1,0,0,0,0,0,0,0,0,0,0,0,0,0,0,0,0
sv8pt5-57,Partner,0,1,0,0,0,0,0,0,0,0,0,0,0,0,0,0,0,0
sv8pt5-54,Partner,0,1,0,0,0,0,0,0,0,0,0,0,0,0,0,0,0,0
sv8pt5-60,Partner,0,0,0,0,1,0,1,0,0,0,0,0,0,0,0,0,0,0
sv8pt5-61,Partner,0,0,0,0,0,1,0,0,0,0,0,0,0,0,0,0,0,0
sv8pt5-53,Partner,0,1,0,0,0,0,0,0,0,0,0,0,0,0,0,0,0,0
sv8pt5-55,Partner,0,0,0,0,0,0,1,0,0,0,0,0,0,0,0,0,0,0
sv8pt5-58,Partner,0,0,0,0,1,0,0,0,0,0,0,0,0,0,0,0,0,0
sv8pt5-62,Partner,0,1,0,0,0,0,0,0,0,0,0,0,0,0,0,0,0,0
sv8pt5-64,Partner,0,0,0,0,0,0,1,0,0,0,0,0,0,0,0,0,0,0
sv8pt5-63,Partner,0,1,0,0,0,0,0,0,0,0,0,0,0,0,0,0,0,0
sv8pt5-65,Partner,0,1,0,0,0,0,0,0,0,0,0,0,0,0,0,0,0,0
sv8pt5-66,Partner,0,1,0,0,0,0,0,0,0,0,0,0,0,0,0,0,0,0
sv8pt5-67,Partner,0,1,0,0,0,0,0,0,0,0,0,0,0,0,0,0,0,0
sv8pt5-68,Partner,0,0,0,0,0,0,1,0,0,0,0,0,0,0,0,0,0,0
sv8pt5-69,Partner,0,1,0,0,0,0,0,0,0,0,0,0,0,0,0,0,0,0
sv8pt5-70,Partner,0,1,0,0,0,0,0,0,0,0,0,0,0,0,0,0,0,0
sv8pt5-71,Partner,0,1,0,0,0,0,0,0,0,0,0,0,0,0,0,0,0,0
sv8pt5-72,Partner,0,0,0,0,0,0,1,0,0,0,0,0,0,0,0,0,0,0
sv8pt5-73,Partner,0,0,0,0,1,0,0,0,0,0,0,0,0,0,0,0,0,0
sv8pt5-74,Partner,0,0,0,1,0,0,0,0,0,0,0,0,0,0,0,0,0,0
sv8pt5-75,Partner,0,0,0,0,1,0,1,0,0,0,0,0,0,0,0,0,0,0
sv8pt5-76,Partner,0,0,0,0,0,0,0,1,0,0,0,0,0,0,0,0,0,0
sv8pt5-78,Partner,0,1,0,0,0,0,0,0,0,0,0,0,0,0,0,0,0,0
sv8pt5-79,Partner,0,1,0,0,0,0,0,0,0,0,0,0,0,0,0,0,0,0
sv8pt5-77,Partner,0,1,0,0,0,0,0,0,0,0,0,0,0,0,0,0,0,0
sv8pt5-81,Partner,0,1,0,0,0,0,0,0,0,0,0,0,0,0,0,0,0,0
sv8pt5-83,Partner,0,1,0,0,0,0,0,0,0,0,0,0,0,0,0,0,0,0
sv8pt5-80,Partner,0,1,0,0,0,0,0,0,0,0,0,0,0,0,0,0,0,0
sv8pt5-82,Partner,0,0,0,0,0,0,1,0,0,0,0,0,0,0,0,0,0,0
sv8pt5-84,Partner,0,1,0,0,0,0,0,0,0,0,0,0,0,0,0,0,0,0
sv8pt5-85,Partner,0,1,0,0,0,0,0,0,0,0,0,0,0,0,0,0,0,0
sv8pt5-86,Partner,0,1,0,0,0,0,0,0,0,0,0,0,0,0,0,0,0,0
sv8pt5-87,Partner,0,1,0,0,0,0,0,0,0,0,0,0,0,0,0,0,0,0
sv8pt5-89,Partner,0,1,0,0,0,0,0,0,0,0,0,0,0,0,0,0,0,0
sv8pt5-88,Partner,0,1,0,0,0,0,0,0,0,0,0,0,0,0,0,0,0,0
sv8pt5-90,Partner,0,1,0,0,0,0,0,0,0,0,0,0,0,0,0,0,0,0
sv8pt5-91,Partner,0,0,0,0,0,0,1,0,0,0,0,0,0,0,0,0,0,0
sv8pt5-92,Partner,0,0,0,0,1,0,1,0,0,0,0,0,0,0,0,0,0,0
sv8pt5-93,Partner,0,1,0,0,0,0,0,0,0,0,0,0,0,0,0,0,0,0
sv8pt5-94,Partner,0,1,0,0,0,0,0,0,0,0,0,0,0,0,0,0,0,0
sv8pt5-97,Partner,1,0,0,0,0,0,0,0,0,0,0,0,0,0,0,0,0,0
sv8pt5-101,Partner,1,0,0,0,0,0,0,0,0,0,0,0,0,0,0,0,0,0
sv8pt5-98,Partner,1,0,0,0,0,0,0,0,0,0,0,0,0,0,0,0,0,0
sv8pt5-95,Partner,1,0,0,0,0,0,0,0,0,0,0,0,0,0,0,0,0,0
sv8pt5-96,Partner,1,0,0,0,0,0,0,0,0,0,0,0,0,0,0,0,0,0
sv8pt5-100,Partner,1,0,0,0,0,0,0,0,0,0,0,0,0,0,0,0,0,0
sv8pt5-99,Partner,1,0,0,0,0,0,0,0,0,0,0,0,0,0,0,0,0,0
sv8pt5-102,Partner,1,0,0,0,0,0,0,0,0,0,0,0,0,0,0,0,0,0
sv8pt5-103,Partner,1,0,0,0,0,0,0,0,0,0,0,0,0,0,0,0,0,0
sv8pt5-106,Partner,1,0,0,0,0,0,0,0,0,0,0,0,0,0,0,0,0,0
sv8pt5-105,Partner,1,0,0,0,0,0,0,0,0,0,0,0,0,0,0,0,0,0
sv8pt5-108,Partner,1,0,0,0,0,0,0,0,0,0,0,0,0,0,0,0,0,0
sv8pt5-112,Partner,1,0,0,0,0,0,0,0,0,0,0,0,0,0,0,0,0,0
sv8pt5-110,Partner,1,0,0,0,0,0,0,0,0,0,0,0,0,0,0,0,0,0
sv8pt5-111,Partner,1,0,0,0,0,0,0,0,0,0,0,0,0,0,0,0,0,0
sv8pt5-104,Partner,1,0,0,0,0,0,0,0,0,0,0,0,0,0,0,0,0,0
sv8pt5-107,Partner,1,0,0,0,0,0,0,0,0,0,0,0,0,0,0,0,0,0
sv8pt5-109,Partner,1,0,0,0,0,0,0,0,0,0,0,0,0,0,0,0,0,0
sv8pt5-113,Partner,1,0,0,0,0,0,0,0,0,0,0,0,0,0,0,0,0,0
sv8pt5-114,Partner,1,0,0,0,0,0,0,0,0,0,0,0,0,0,0,0,0,0
sv8pt5-115,Partner,1,0,0,0,0,0,0,0,0,0,0,0,0,0,0,0,0,0
sv8pt5-119,Partner,1,0,0,0,0,0,0,0,0,0,0,0,0,0,0,0,0,0
sv8pt5-116,Partner,1,0,0,0,0,0,0,0,0,0,0,0,0,0,0,0,0,0
sv8pt5-117,Partner,1,0,0,0,0,0,0,0,0,0,0,0,0,0,0,0,0,0
sv8pt5-118,Partner,1,0,0,0,0,0,0,0,0,0,0,0,0,0,0,0,0,0
sv8pt5-120,Partner,1,0,0,0,0,0,0,0,0,0,0,0,0,0,0,0,0,0
sv8pt5-121,Partner,1,0,0,0,0,0,0,0,0,0,0,0,0,0,0,0,0,0
sv8pt5-122,Partner,1,0,0,0,0,0,0,0,0,0,0,0,0,0,0,0,0,0
sv8pt5-123,Partner,1,0,0,0,0,0,0,0,0,0,0,0,0,0,0,0,0,0
sv8pt5-124,Partner,1,0,0,0,0,0,0,0,0,0,0,0,0,0,0,0,0,0
sv8pt5-125,Partner,1,0,0,0,0,0,0,0,0,0,0,0,0,0,0,0,0,0
sv8pt5-126,Partner,1,0,0,0,0,0,0,0,0,0,0,0,0,0,0,0,0,0
sv8pt5-127,Partner,1,0,0,0,0,0,0,0,0,0,0,0,0,0,0,0,0,0
sv8pt5-128,Partner,1,0,0,0,0,0,0,0,0,0,0,0,0,0,0,0,0,0
sv8pt5-129,Partner,1,0,0,0,0,0,0,0,0,0,0,0,0,0,0,0,0,0
sv8pt5-131,Partner,1,0,0,0,0,0,0,0,0,0,0,0,0,0,0,0,0,0
sv8pt5-130,Partner,1,0,0,0,0,0,0,0,0,0,0,0,0,0,0,0,0,0
sv8pt5-135,Partner,0,0,0,0,0,0,0,0,0,1,0,0,0,0,0,0,0,0
sv8pt5-133,Partner,0,0,0,0,0,0,0,0,0,1,0,0,0,0,0,0,0,0
sv8pt5-134,Partner,0,0,0,0,0,0,0,0,0,1,0,0,0,0,0,0,0,0
sv8pt5-132,Partner,1,0,0,0,0,0,0,0,0,0,0,0,0,0,0,0,0,0
sv8pt5-137,Partner,1,0,0,0,0,0,0,0,0,0,0,0,0,0,0,0,0,0
sv8pt5-136,Partner,1,0,0,0,0,0,0,0,0,0,0,0,0,0,0,0,0,0
sv8pt5-138,Partner,1,0,0,0,0,0,0,0,0,0,0,0,0,0,0,0,0,0
sv8pt5-139,Partner,1,0,0,0,0,0,0,0,0,0,0,0,0,0,0,0,0,0
sv8pt5-140,Partner,1,0,0,0,0,0,0,0,0,0,0,0,0,0,0,0,0,0
sv8pt5-141,Partner,1,0,0,0,0,0,0,0,0,0,0,0,0,0,0,0,0,0
sv8pt5-142,Partner,1,0,0,0,0,0,0,0,0,0,0,0,0,0,0,0,0,0
sv8pt5-143,Partner,1,0,0,0,0,0,0,0,0,0,0,0,0,0,0,0,0,0
sv8pt5-144,Partner,0,0,0,0,1,0,1,0,0,0,0,0,0,0,0,0,0,0
sv8pt5-145,Partner,0,0,0,0,1,0,0,0,0,0,0,1,0,0,0,0,0,0
sv8pt5-147,Partner,0,0,0,0,1,0,0,0,0,0,1,0,0,0,0,0,0,0
sv8pt5-146,Partner,0,0,0,0,1,0,0,0,0,0,0,0,0,0,0,0,0,0
sv8pt5-151,Partner,0,0,0,0,0,1,0,0,0,0,1,0,0,0,0,0,0,0
sv8pt5-153,Partner,0,0,0,0,0,0,1,0,0,0,0,0,0,0,0,0,0,0
sv8pt5-148,Partner,0,0,0,0,1,0,0,0,0,0,0,1,0,0,0,0,0,0
sv8pt5-150,Partner,0,0,0,0,1,0,0,0,0,0,0,0,0,0,0,0,0,0
sv8pt5-152,Partner,0,0,0,0,1,0,0,0,0,0,0,1,0,0,0,0,0,0
sv8pt5-149,Partner,0,0,0,0,1,0,0,0,0,0,0,0,0,0,0,0,0,0
sv8pt5-154,Partner,0,0,0,0,0,0,0,1,0,0,1,0,0,0,0,0,0,0
sv8pt5-155,Partner,0,0,0,0,1,0,0,0,0,0,0,0,0,0,0,0,0,0
sv8pt5-157,Partner,0,0,0,0,0,0,0,1,0,0,0,0,0,0,0,0,0,0
sv8pt5-156,Partner,0,0,0,0,1,0,0,0,0,0,0,0,0,0,0,0,0,0
sv8pt5-158,Partner,0,0,1,0,0,0,0,0,0,0,0,0,0,0,0,0,0,0
sv8pt5-159,Partner,0,0,0,0,0,0,0,0,0,1,0,0,0,0,0,0,0,0
sv8pt5-160,Partner,0,0,0,0,1,0,0,0,0,0,0,1,0,0,0,0,0,0
sv8pt5-162,Partner,0,0,0,0,0,0,0,0,0,0,0,0,1,0,0,0,0,0
sv8pt5-161,Partner,0,0,0,0,1,0,0,0,0,0,1,0,0,0,0,0,0,0
sv8pt5-163,Partner,0,0,0,0,0,0,0,0,0,1,0,1,0,0,0,0,0,0
sv8pt5-164,Partner,0,0,0,0,0,0,0,1,0,0,0,1,0,0,0,0,0,0
sv8pt5-165,Partner,0,0,0,0,1,0,0,0,0,0,1,0,0,0,0,0,0,0
sv8pt5-166,Partner,0,0,0,0,0,0,0,0,0,0,0,0,1,0,0,0,0,0
sv8pt5-167,Partner,0,0,0,0,1,1,0,0,0,0,0,0,0,0,0,0,0,0
sv8pt5-168,Partner,0,0,0,0,0,0,0,0,0,0,0,0,1,0,0,0,0,0
sv8pt5-169,Partner,0,0,0,0,1,0,0,0,0,0,1,0,0,0,0,0,0,0
sv8pt5-170,Partner,0,0,0,0,0,0,0,0,0,0,0,1,0,0,0,0,0,0
sv8pt5-171,Partner,0,0,0,0,0,0,0,0,0,1,0,0,0,0,0,0,0,0
sv8pt5-176,Partner,0,0,1,0,0,0,0,0,0,0,0,0,0,0,0,0,0,0
sv8pt5-174,Partner,0,0,0,0,0,0,0,0,0,1,0,0,0,0,0,0,0,0
sv8pt5-177,Partner,0,0,1,0,0,0,0,0,0,0,0,0,0,0,0,0,0,0
sv8pt5-178,Partner,0,0,1,0,0,0,0,0,0,0,0,0,0,0,0,0,0,0
sv8pt5-180,Partner,0,0,1,0,0,0,0,0,0,0,0,0,0,0,0,0,0,0
sv8pt5-172,Partner,0,0,0,0,0,0,0,0,0,0,0,1,0,0,0,0,0,0
sv8pt5-173,Partner,0,0,0,0,0,0,0,0,0,1,0,0,0,0,0,0,0,0
sv8pt5-175,Partner,0,0,0,0,0,0,0,0,0,0,0,1,0,0,0,0,0,0
sv8pt5-179,Partner,0,0,1,0,0,0,0,0,0,0,0,0,0,0,0,0,0,0
sv8-1,Partner,0,0,0,0,0,1,0,0,0,0,0,0,0,0,0,0,0,0
sv8-2,Partner,1,0,0,0,0,0,0,0,0,0,0,0,0,0,0,0,0,0
sv8-3,Partner,1,0,0,0,0,0,0,0,0,0,0,0,0,0,0,0,0,0
sv8-4,Partner,0,0,0,0,0,0,1,0,0,0,0,0,0,0,0,0,0,0
sv8-5,Partner,1,0,0,0,0,0,0,0,0,0,0,0,0,0,0,0,0,0
sv8-6,Partner,1,0,0,0,0,0,0,0,0,0,0,0,0,0,0,0,0,0
sv8-7,Partner,0,0,0,1,0,0,0,0,0,0,0,0,0,0,0,0,0,0
sv8-186,Partner,1,0,0,0,0,0,0,0,0,0,0,0,0,0,0,0,0,0
sv8-8,Partner,0,0,0,0,0,0,0,0,0,0,1,0,0,0,0,0,0,0
sv8-9,Partner,0,0,0,1,0,0,0,1,0,0,0,0,0,0,0,0,0,0
sv8-10,Partner,1,0,0,0,0,0,0,0,0,0,0,0,0,0,0,0,0,0
sv8-11,Partner,0,0,0,0,0,0,1,0,0,0,0,0,0,0,0,0,0,0
sv8-12,Partner,0,0,0,0,0,0,1,0,0,0,0,0,0,0,0,0,0,0
sv8-13,Partner,1,0,0,0,0,0,0,0,0,0,0,0,0,0,0,0,0,0
sv8-14,Partner,0,0,0,0,0,0,0,1,0,0,0,0,0,0,0,0,0,0
sv8-15,Partner,0,0,0,0,0,0,0,1,0,0,0,0,0,0,0,0,0,0
sv8-16,Partner,1,0,0,0,0,0,0,0,0,0,0,0,0,0,0,0,0,0
sv8-17,Partner,1,0,0,0,0,0,0,0,0,0,0,0,0,0,0,0,0,0
sv8-18,Partner,1,0,0,0,0,0,0,0,0,0,0,0,0,0,0,0,0,0
sv8-19,Partner,0,0,0,0,0,0,0,1,0,0,0,0,0,0,0,0,0,0
sv8-20,Partner,0,0,0,0,0,0,0,0,0,1,0,1,0,0,0,0,0,0
sv8-21,Partner,1,0,0,0,0,0,0,0,0,0,0,0,0,0,0,0,0,0
sv8-22,Partner,1,0,0,0,0,0,0,0,0,0,0,0,0,0,0,0,0,0
sv8-23,Partner,0,0,0,0,0,0,0,1,0,0,0,0,0,0,0,0,0,0
sv8-24,Partner,0,0,0,0,0,0,0,1,0,0,0,0,0,0,0,0,0,0
sv8-25,Partner,0,0,0,0,0,0,0,1,0,0,0,0,0,0,0,0,0,0
sv8-26,Partner,1,0,0,0,0,0,0,0,0,0,0,0,0,0,0,0,0,0
sv8-27,Partner,1,0,0,0,0,0,0,0,0,0,0,0,0,0,0,0,0,0
sv8-28,Partner,1,0,0,0,0,0,0,0,0,0,0,0,0,0,0,0,0,0
sv8-29,Partner,0,0,0,1,0,0,0,0,0,0,0,0,0,0,0,0,0,0
sv8-30,Partner,1,0,0,0,0,0,0,0,0,0,0,0,0,0,0,0,0,0
sv8-31,Partner,0,0,0,0,0,0,1,0,0,0,0,0,0,0,0,0,0,0
sv8-32,Partner,1,0,0,0,0,0,0,0,0,0,0,0,0,0,0,0,0,0
sv8-33,Partner,0,0,0,0,0,0,0,0,0,0,0,0,1,0,0,0,0,0
sv8-34,Partner,0,0,0,0,0,0,0,1,0,0,0,0,0,0,0,0,0,0
sv8-35,Partner,0,0,0,0,0,0,0,1,0,0,0,0,0,0,0,0,0,0
sv8-36,Partner,0,0,0,0,1,0,1,0,0,0,0,0,0,0,0,0,0,0
sv8-37,Partner,0,0,0,0,0,0,1,0,0,0,0,0,0,0,0,0,0,0
sv8-38,Partner,0,0,0,0,0,0,0,0,0,0,1,0,0,0,0,0,0,0
sv8-39,Partner,0,0,0,0,0,0,0,0,0,1,0,0,0,0,0,0,0,0
sv8-40,Partner,1,0,0,0,0,0,0,0,0,0,0,0,0,0,0,0,0,0
sv8-41,Partner,0,0,0,0,0,1,0,0,0,0,0,0,0,0,0,0,0,0
sv8-42,Partner,0,0,0,0,0,0,1,0,0,0,0,0,0,0,0,0,0,0
sv8-43,Partner,0,0,0,1,0,0,0,0,0,0,0,0,0,0,0,0,0,0
sv8-44,Partner,1,0,0,0,0,0,0,0,0,0,0,0,0,0,0,0,0,0
sv8-45,Partner,1,0,0,0,0,0,0,0,0,0,0,0,0,0,0,0,0,0
sv8-46,Partner,0,0,0,1,0,0,0,0,0,0,0,0,0,0,0,0,0,0
sv8-47,Partner,1,0,0,0,0,0,0,0,0,0,0,0,0,0,0,0,0,0
sv8-48,Partner,0,0,0,0,0,0,0,1,0,0,0,0,1,0,0,0,0,0
sv8-49,Partner,0,0,0,0,0,1,0,0,0,0,0,0,0,0,0,0,0,0
sv8-50,Partner,1,0,0,0,0,0,0,0,0,0,0,0,0,0,0,0,0,0
sv8-51,Partner,0,0,0,0,0,0,1,0,0,0,0,0,0,0,0,0,0,0
sv8-52,Partner,0,0,0,0,0,0,1,0,0,0,0,0,0,0,0,0,0,0
sv8-53,Partner,1,0,0,0,0,0,0,0,0,0,0,0,0,0,0,0,0,0
sv8-54,Partner,1,0,0,0,0,0,0,0,0,0,0,0,0,0,0,0,0,0
sv8-55,Partner,1,0,0,0,0,0,0,0,0,0,0,0,0,0,0,0,0,0
sv8-56,Partner,1,0,0,0,0,0,0,0,0,0,0,0,0,0,0,0,0,0
sv8-57,Partner,0,0,0,0,1,0,1,0,0,0,0,0,0,0,0,0,0,0
sv8-58,Partner,1,0,0,0,0,0,0,0,0,0,0,0,0,0,0,0,0,0
sv8-59,Partner,1,0,0,0,0,0,0,0,0,0,0,0,0,0,0,0,0,0
sv8-60,Partner,1,0,0,0,0,0,0,0,0,0,0,0,0,0,0,0,0,0
sv8-61,Partner,1,0,0,0,0,0,0,0,0,0,0,0,0,0,0,0,0,0
sv8-62,Partner,1,0,0,0,0,0,0,0,0,0,0,0,0,0,0,0,0,0
sv8-63,Partner,1,0,0,0,0,0,0,0,0,0,0,0,0,0,0,0,0,0
sv8-64,Partner,1,0,0,0,0,0,0,0,0,0,0,0,0,0,0,0,0,0
sv8-65,Partner,1,0,0,0,0,0,0,0,0,0,0,0,0,0,0,0,0,0
sv8-66,Partner,1,0,0,0,0,0,0,0,0,0,0,0,0,0,0,0,0,0
sv8-67,Partner,1,0,0,0,0,0,0,0,0,0,0,0,0,0,0,0,0,0
sv8-68,Partner,0,0,0,0,0,0,1,1,0,0,0,0,0,0,0,0,0,0
sv8-69,Partner,1,0,0,0,0,0,0,0,0,0,0,0,0,0,0,0,0,0
sv8-70,Partner,0,0,0,0,0,1,0,0,0,0,0,0,0,0,0,0,0,0
sv8-71,Partner,0,0,0,0,0,1,0,0,0,0,0,0,0,0,0,0,0,0
sv8-72,Partner,0,0,0,0,0,0,0,0,0,1,0,0,0,0,0,0,0,0
sv8-73,Partner,1,0,0,0,0,0,0,0,0,0,0,0,0,0,0,0,0,0
sv8-74,Partner,1,0,0,0,0,0,0,0,0,0,0,0,0,0,0,0,0,0
sv8-75,Partner,1,0,0,0,0,0,0,0,0,0,0,0,0,0,0,0,0,0
sv8-76,Partner,1,0,0,0,0,0,0,0,0,0,0,0,0,0,0,0,0,0
sv8-77,Partner,1,0,0,0,0,0,0,0,0,0,0,0,0,0,0,0,0,0
sv8-78,Partner,1,0,0,0,0,0,0,0,0,0,0,0,0,0,0,0,0,0
sv8-79,Partner,1,0,0,0,0,0,0,0,0,0,0,0,0,0,0,0,0,0
sv8-80,Partner,1,0,0,0,0,0,0,0,0,0,0,0,0,0,0,0,0,0
sv8-81,Partner,1,0,0,0,0,0,0,0,0,0,0,0,0,0,0,0,0,0
sv8-82,Partner,1,0,0,0,0,0,0,0,0,0,0,0,0,0,0,0,0,0
sv8-83,Partner,1,0,0,0,0,0,0,0,0,0,0,0,0,0,0,0,0,0
sv8-84,Partner,0,0,0,1,0,0,0,0,0,1,0,0,0,0,0,0,0,0
sv8-85,Partner,0,0,0,1,0,0,0,0,0,0,0,0,0,0,0,0,0,0
sv8-86,Partner,0,0,0,0,1,0,0,0,0,0,0,0,0,0,0,0,0,0
sv8-87,Partner,0,0,0,0,0,0,0,1,0,0,0,0,0,0,0,0,0,0
sv8-88,Partner,0,0,0,0,0,0,0,1,0,0,0,0,0,0,0,0,0,0
sv8-89,Partner,0,0,0,1,0,0,0,0,0,0,0,0,0,0,0,0,0,0
sv8-90,Partner,0,0,0,0,0,1,0,0,0,0,0,0,0,0,0,0,0,0
sv8-91,Partner,0,0,0,0,1,0,0,0,0,0,0,0,0,0,0,0,0,0
sv8-92,Partner,0,1,0,0,0,0,0,0,0,0,0,0,0,0,0,0,0,0
sv8-93,Partner,0,0,0,1,0,0,0,0,0,0,0,0,0,0,0,0,0,0
sv8-94,Partner,0,0,0,1,0,0,0,0,0,0,0,0,0,0,0,0,0,0
sv8-95,Partner,0,0,0,0,0,0,1,0,0,0,0,0,0,0,0,0,0,0
sv8-96,Partner,0,0,0,0,0,0,1,1,0,0,0,0,0,0,0,0,0,0
sv8-97,Partner,1,0,0,0,0,0,0,0,0,0,0,0,0,0,0,0,0,0
sv8-98,Partner,1,0,0,0,0,0,0,0,0,0,0,0,0,0,0,0,0,0
sv8-99,Partner,1,0,0,0,0,0,0,0,0,0,0,0,0,0,0,0,0,0
sv8-100,Partner,1,0,0,0,0,0,0,0,0,0,0,0,0,0,0,0,0,0
sv8-101,Partner,1,0,0,0,0,0,0,0,0,0,0,0,0,0,0,0,0,0
sv8-102,Partner,0,0,0,1,0,0,0,0,0,0,0,0,0,0,0,0,0,0
sv8-103,Partner,0,0,0,0,0,0,0,0,0,0,0,0,1,0,0,0,0,0
sv8-104,Partner,1,0,0,0,0,0,0,0,0,0,0,0,0,0,0,0,0,0
sv8-105,Partner,0,0,0,0,0,1,0,0,0,0,0,0,0,0,0,0,0,0
sv8-106,Partner,0,0,0,0,1,0,0,0,0,0,0,0,0,0,0,0,0,0
sv8-107,Partner,0,0,0,1,0,0,0,0,0,0,0,0,0,0,0,0,0,0
sv8-108,Partner,1,0,0,0,0,0,0,0,0,0,0,0,0,0,0,0,0,0
sv8-109,Partner,1,0,0,0,0,0,0,0,0,0,0,0,0,0,0,0,0,0
sv8-110,Partner,0,0,0,0,0,0,0,1,0,0,0,0,0,0,0,0,0,0
sv8-111,Partner,0,0,0,1,0,0,0,0,0,0,0,0,0,0,0,0,0,0
sv8-112,Partner,0,0,0,0,0,0,0,0,0,1,0,0,1,0,0,0,0,0
sv8-113,Partner,0,0,0,0,0,0,0,1,0,0,0,0,0,0,0,0,0,0
sv8-114,Partner,1,0,0,0,0,0,0,0,0,0,0,0,0,0,0,0,0,0
sv8-115,Partner,1,0,0,0,0,0,0,0,0,0,0,0,0,0,0,0,0,0
sv8-116,Partner,0,0,0,0,0,0,0,1,0,0,0,0,0,0,0,0,0,0
sv8-117,Partner,1,0,0,0,0,0,0,0,0,0,0,0,0,0,0,0,0,0
sv8-118,Partner,1,0,0,0,0,0,0,0,0,0,0,0,0,0,0,0,0,0
sv8-119,Partner,0,0,0,0,1,0,0,0,0,0,0,0,0,0,0,0,0,0
sv8-120,Partner,1,0,0,0,0,0,0,0,0,0,0,0,0,0,0,0,0,0
sv8-121,Partner,0,0,0,0,0,0,0,1,0,0,0,0,0,0,0,0,0,0
sv8-122,Partner,0,0,0,0,0,1,0,0,0,0,0,0,0,0,0,0,0,0
sv8-123,Partner,1,0,0,0,0,0,0,0,0,0,0,0,0,0,0,0,0,0
sv8-124,Partner,0,0,0,0,0,0,1,0,0,0,0,0,0,0,0,0,0,0
sv8-125,Partner,0,0,0,0,0,0,0,1,0,0,0,0,0,0,0,0,0,0
sv8-126,Partner,1,0,0,0,0,0,0,0,0,0,0,0,0,0,0,0,0,0
sv8-127,Partner,1,0,0,0,0,0,0,0,0,0,0,0,0,0,0,0,0,0
sv8-128,Partner,0,0,0,0,0,0,0,0,0,0,1,0,0,0,0,0,0,0
sv8-129,Partner,0,0,0,0,0,0,0,1,0,0,0,0,0,0,0,0,0,0
sv8-130,Partner,0,0,0,0,1,0,0,0,0,0,0,0,0,0,0,0,0,0
sv8-131,Partner,0,0,0,0,0,0,0,1,0,1,0,0,0,0,0,0,0,0
sv8-132,Partner,0,0,0,0,0,0,1,0,0,0,0,0,0,0,0,0,0,0
sv8-133,Partner,0,0,0,0,1,0,0,0,0,0,0,0,0,0,0,0,0,0
sv8-134,Partner,0,0,0,1,0,0,0,0,0,0,0,0,0,0,0,0,0,0
sv8-135,Partner,1,0,0,0,0,0,0,0,0,0,0,0,0,0,0,0,0,0
sv8-136,Partner,1,0,0,0,0,0,0,0,0,0,0,0,0,0,0,0,0,0
sv8-137,Partner,1,0,0,0,0,0,0,0,0,0,0,0,0,0,0,0,0,0
sv8-138,Partner,0,0,0,0,0,0,0,0,1,0,0,0,0,0,0,0,0,0
sv8-139,Partner,1,0,0,0,0,0,0,0,0,0,0,0,0,0,0,0,0,0
sv8-140,Partner,0,0,0,0,0,1,0,0,0,0,0,0,0,0,0,0,0,0
sv8-141,Partner,0,0,0,0,0,0,0,1,0,0,0,0,0,0,0,0,0,0
sv8-142,Partner,0,0,0,0,1,0,0,0,0,0,0,0,0,0,0,0,0,0
sv8-143,Partner,1,0,0,0,0,0,0,0,0,0,0,0,0,0,0,0,0,0
sv8-144,Partner,0,0,0,1,0,0,0,0,0,0,0,0,0,0,0,0,0,0
sv8-145,Partner,0,0,0,1,0,0,0,0,0,0,0,0,0,0,0,0,0,0
sv8-146,Partner,1,0,0,0,0,0,0,0,0,0,0,0,0,0,0,0,0,0
sv8-147,Partner,0,0,0,0,0,0,1,0,0,0,0,0,0,0,0,0,0,0
sv8-148,Partner,1,0,0,0,0,0,0,0,0,0,0,0,0,0,0,0,0,0
sv8-149,Partner,1,0,0,0,0,0,0,0,0,0,0,0,0,0,0,0,0,0
sv8-150,Partner,0,0,0,0,0,0,0,0,0,0,1,0,0,0,0,0,0,0
sv8-151,Partner,1,0,0,0,0,0,0,0,0,0,0,0,0,0,0,0,0,0
sv8-152,Partner,1,0,0,0,0,0,0,0,0,0,0,0,0,0,0,0,0,0
sv8-153,Partner,0,0,0,0,0,0,0,1,0,0,0,0,0,0,0,0,0,0
sv8-154,Partner,0,0,0,1,0,0,0,0,0,0,0,0,0,0,0,0,0,0
sv8-155,Partner,1,0,0,0,0,0,0,0,0,0,0,0,0,0,0,0,0,0
sv8-156,Partner,1,0,0,0,0,0,0,0,0,0,0,0,0,0,0,0,0,0
sv8-157,Partner,0,0,0,1,0,0,0,0,0,0,0,0,0,0,0,0,0,0
sv8-158,Partner,1,0,0,0,0,0,0,0,0,0,0,0,0,0,0,0,0,0
sv8-159,Partner,0,0,0,0,1,0,0,0,0,0,0,0,0,0,0,0,0,0
sv8-160,Partner,0,0,0,0,0,0,1,0,0,0,0,0,0,0,0,0,0,0
sv8-161,Partner,1,0,0,0,0,0,0,0,0,0,0,0,0,0,0,0,0,0
sv8-162,Partner,1,0,0,0,0,0,0,0,0,0,0,0,0,0,0,0,0,0
sv8-163,Partner,1,0,0,0,0,0,0,0,0,0,0,0,0,0,0,0,0,0
sv8-164,Partner,1,0,0,0,0,0,0,0,0,0,0,0,0,0,0,0,0,0
sv8-165,Partner,1,0,0,0,0,0,0,0,0,0,0,0,0,0,0,0,0,0
sv8-212,Partner,0,0,1,0,0,0,0,0,0,0,0,0,0,0,0,0,0,0
sv8-166,Partner,1,0,0,0,0,0,0,0,0,0,0,0,0,0,0,0,0,0
sv8-167,Partner,1,0,0,0,0,0,0,0,0,0,0,0,0,0,0,0,0,0
sv8-168,Partner,1,0,0,0,0,0,0,0,0,0,0,0,0,0,0,0,0,0
sv8-169,Partner,1,0,0,0,0,0,0,0,0,0,0,0,0,0,0,0,0,0
sv8-170,Partner,1,0,0,0,0,0,0,0,0,0,0,0,0,0,0,0,0,0
sv8-171,Partner,1,0,0,0,0,0,0,0,0,0,0,0,0,0,0,0,0,0
sv8-172,Partner,1,0,0,0,0,0,0,0,0,0,0,0,0,0,0,0,0,0
sv8-173,Partner,1,0,0,0,0,0,0,0,0,0,0,0,0,0,0,0,0,0
sv8-174,Partner,1,0,0,0,0,0,0,0,0,0,0,0,0,0,0,0,0,0
sv8-175,Partner,1,0,0,0,0,0,0,0,0,0,0,0,0,0,0,0,0,0
sv8-176,Partner,1,0,0,0,0,0,0,0,0,0,0,0,0,0,0,0,0,0
sv8-177,Partner,1,0,0,0,0,0,0,0,0,0,0,0,0,0,0,0,0,0
sv8-178,Partner,1,0,0,0,0,0,0,0,0,0,0,0,0,0,0,0,0,0
sv8-179,Partner,1,0,0,0,0,0,0,0,0,0,0,0,0,0,0,0,0,0
sv8-180,Partner,1,0,0,0,0,0,0,0,0,0,0,0,0,0,0,0,0,0
sv8-181,Partner,1,0,0,0,0,0,0,0,0,0,0,0,0,0,0,0,0,0
sv8-182,Partner,1,0,0,0,0,0,0,0,0,0,0,0,0,0,0,0,0,0
sv8-183,Partner,1,0,0,0,0,0,0,0,0,0,0,0,0,0,0,0,0,0
sv8-184,Partner,1,0,0,0,0,0,0,0,0,0,0,0,0,0,0,0,0,0
sv8-185,Partner,1,0,0,0,0,0,0,0,0,0,0,0,0,0,0,0,0,0
sv8-187,Partner,1,0,0,0,0,0,0,0,0,0,0,0,0,0,0,0,0,0
sv8-188,Partner,1,0,0,0,0,0,0,0,0,0,0,0,0,0,0,0,0,0
sv8-189,Partner,1,0,0,0,0,0,0,0,0,0,0,0,0,0,0,0,0,0
sv8-190,Partner,1,0,0,0,0,0,0,0,0,0,0,0,0,0,0,0,0,0
sv8-191,Partner,1,0,0,0,0,0,0,0,0,0,0,0,0,0,0,0,0,0
sv8-192,Partner,0,0,0,1,0,0,0,0,0,0,0,0,0,0,0,0,0,0
sv8-193,Partner,0,0,0,0,0,0,0,0,1,0,0,0,0,0,0,0,0,0
sv8-194,Partner,0,0,0,1,0,0,0,0,0,0,0,0,0,0,0,0,0,0
sv8-195,Partner,0,0,0,0,1,0,0,0,0,0,0,0,1,0,0,0,0,0
sv8-196,Partner,0,0,1,0,0,1,0,0,0,0,0,0,0,0,0,0,0,0
sv8-197,Partner,0,0,0,0,1,0,0,0,0,0,1,0,0,0,0,0,0,0
sv8-198,Partner,0,0,1,0,0,0,0,0,0,0,0,0,0,0,0,0,0,0
sv8-199,Partner,0,0,0,1,0,0,0,0,0,0,0,0,0,0,0,0,0,0
sv8-200,Partner,0,0,0,1,0,0,0,0,0,0,0,0,0,0,0,0,0,0
sv8-201,Partner,0,0,0,1,0,0,0,0,0,0,0,0,0,0,0,0,0,0
sv8-202,Partner,0,0,1,0,0,0,0,0,1,0,0,0,0,0,0,0,0,0
sv8-203,Partner,0,0,0,0,0,0,0,1,0,0,0,0,0,0,0,0,0,0
sv8-204,Partner,0,0,0,1,0,0,0,0,0,0,0,0,0,0,0,0,0,0
sv8-205,Partner,0,0,0,1,0,0,0,0,0,0,0,0,0,0,0,0,0,0
sv8-206,Partner,0,0,0,0,0,0,1,0,0,0,0,0,0,0,0,0,0,0
sv8-207,Partner,0,0,0,0,0,0,0,0,0,1,0,0,0,0,0,0,0,0
sv8-208,Partner,0,0,0,0,0,0,0,0,0,1,0,0,0,0,0,0,0,0
sv8-209,Partner,0,0,0,0,0,1,0,0,0,0,0,0,0,0,0,0,0,0
sv8-210,Partner,0,0,0,0,1,0,0,0,0,0,0,0,0,0,0,0,0,0
sv8-211,Partner,0,0,0,0,0,1,0,0,0,0,0,0,0,0,0,0,0,0
sv8-213,Partner,0,0,0,0,0,0,0,0,0,1,0,0,0,0,0,0,0,0
sv8-214,Partner,0,0,0,0,0,1,0,0,0,0,0,0,0,0,0,0,0,0
sv8-215,Partner,0,0,0,0,0,0,1,0,0,0,0,0,0,0,0,0,0,0
sv4-1,Partner,0,1,0,0,0,0,0,0,0,0,0,0,0,0,0,0,0,0
sv4-2,Partner,1,0,0,0,0,0,0,0,0,0,0,0,0,0,0,0,0,0
sv4-3,Partner,1,0,0,0,0,0,0,0,0,0,0,0,0,0,0,0,0,0
sv4-4,Partner,1,0,0,0,0,0,0,0,0,0,0,0,0,0,0,0,0,0
sv4-5,Partner,0,0,0,0,0,1,0,0,0,0,0,0,0,0,0,0,0,0
sv4-6,Partner,1,0,0,0,0,0,0,0,0,0,0,0,0,0,0,0,0,0
sv4-7,Partner,0,0,0,0,0,0,0,0,1,0,0,0,0,0,0,0,0,0
sv4-8,Partner,0,0,0,0,0,0,0,0,1,0,0,0,0,0,0,0,0,0
sv4-9,Partner,1,0,0,0,0,0,0,0,0,0,0,0,0,0,0,0,0,0
sv4-10,Partner,1,0,0,0,0,0,0,0,0,0,0,0,0,0,0,0,0,0
sv4-11,Partner,1,0,0,0,0,0,0,0,0,0,0,0,0,0,0,0,0,0
sv4-12,Partner,1,0,0,0,0,0,0,0,0,0,0,0,0,0,0,0,0,0
sv4-13,Partner,0,0,0,0,0,0,0,0,0,0,0,0,1,0,0,0,0,0
sv4-14,Partner,0,0,0,0,0,0,0,0,1,0,0,0,0,0,0,0,0,0
sv4-15,Partner,0,0,0,0,1,0,0,0,0,0,0,0,1,0,0,0,0,0
sv4-16,Partner,1,0,0,0,0,0,0,0,0,0,0,0,0,0,0,0,0,0
sv4-17,Partner,1,0,0,0,0,0,0,0,0,0,0,0,0,0,0,0,0,0
sv4-18,Partner,1,0,0,0,0,0,0,0,0,0,0,0,0,0,0,0,0,0
sv4-19,Partner,1,0,0,0,0,0,0,0,0,0,0,0,0,0,0,0,0,0
sv4-20,Partner,1,0,0,0,0,0,0,0,0,0,0,0,0,0,0,0,0,0
sv4-21,Partner,1,0,0,0,0,0,0,0,0,0,0,0,0,0,0,0,0,0
sv4-22,Partner,1,0,0,0,0,0,0,0,0,0,0,0,0,0,0,0,0,0
sv4-23,Partner,1,0,0,0,0,0,0,0,0,0,0,0,0,0,0,0,0,0
sv4-24,Partner,1,0,0,0,0,0,0,0,0,0,0,0,0,0,0,0,0,0
sv4-25,Partner,1,0,0,0,0,0,0,0,0,0,0,0,0,0,0,0,0,0
sv4-26,Partner,1,0,0,0,0,0,0,0,0,0,0,0,0,0,0,0,0,0
sv4-27,Partner,1,0,0,0,0,0,0,0,0,0,0,0,0,0,0,0,0,0
sv4-28,Partner,1,0,0,0,0,0,0,0,0,0,0,0,0,0,0,0,0,0
sv4-29,Partner,1,0,0,0,0,0,0,0,0,0,0,0,0,0,0,0,0,0
sv4-30,Partner,1,0,0,0,0,0,0,0,0,0,0,0,0,0,0,0,0,0
sv4-31,Partner,0,0,0,0,0,0,0,0,0,0,0,0,1,0,0,0,0,0
sv4-32,Partner,0,0,0,0,0,0,1,0,0,0,0,0,0,0,0,0,0,0
sv4-33,Partner,0,0,0,0,0,0,0,0,0,0,0,0,1,0,0,0,0,0
sv4-34,Partner,0,0,0,0,0,0,0,0,1,0,0,0,0,0,0,0,0,0
sv4-35,Partner,0,0,0,0,0,0,0,0,0,0,0,0,1,0,0,0,0,0
sv4-36,Partner,1,0,0,0,0,0,0,0,0,0,0,0,0,0,0,0,0,0
sv4-37,Partner,1,0,0,0,0,0,0,0,0,0,0,0,0,0,0,0,0,0
sv4-38,Partner,1,0,0,0,0,0,0,0,0,0,0,0,0,0,0,0,0,0
sv4-39,Partner,1,0,0,0,0,0,0,0,0,0,0,0,0,0,0,0,0,0
sv4-40,Partner,0,0,0,0,0,0,0,0,0,0,0,0,1,0,0,0,0,0
sv4-41,Partner,0,0,0,0,0,0,0,0,0,0,0,1,0,0,0,0,0,0
sv4-42,Partner,0,0,0,0,0,0,0,0,0,0,0,0,1,0,0,0,0,0
sv4-43,Partner,1,0,0,0,0,0,0,0,0,0,0,0,0,0,0,0,0,0
sv4-44,Partner,1,0,0,0,0,0,0,0,0,0,0,0,0,0,0,0,0,0
sv4-45,Partner,0,0,0,0,0,0,0,0,0,0,0,0,1,0,0,0,0,0
sv4-46,Partner,1,0,0,0,0,0,0,0,0,0,0,0,0,0,0,0,0,0
sv4-47,Partner,0,0,0,0,0,0,0,0,0,0,0,1,0,0,0,0,0,0
sv4-48,Partner,1,0,0,0,0,0,0,0,0,0,0,0,0,0,0,0,0,0
sv4-49,Partner,1,0,0,0,0,0,0,0,0,0,0,0,0,0,0,0,0,0
sv4-50,Partner,1,0,0,0,0,0,0,0,0,0,0,0,0,0,0,0,0,0
sv4-51,Partner,1,0,0,0,0,0,0,0,0,0,0,0,0,0,0,0,0,0
sv4-52,Partner,0,0,0,0,1,0,0,0,0,0,0,0,0,0,0,0,0,0
sv4-53,Partner,1,0,0,0,0,0,0,0,0,0,0,0,0,0,0,0,0,0
sv4-54,Partner,1,0,0,0,0,0,0,0,0,0,0,0,0,0,0,0,0,0
sv4-55,Partner,1,0,0,0,0,0,0,0,0,0,0,0,0,0,0,0,0,0
sv4-56,Partner,1,0,0,0,0,0,0,0,0,0,0,0,0,0,0,0,0,0
sv4-57,Partner,1,0,0,0,0,0,0,0,0,0,0,0,0,0,0,0,0,0
sv4-58,Partner,1,0,0,0,0,0,0,0,0,0,0,0,0,0,0,0,0,0
sv4-59,Partner,1,0,0,0,0,0,0,0,0,0,0,0,0,0,0,0,0,0
sv4-60,Partner,1,0,0,0,0,0,0,0,0,0,0,0,0,0,0,0,0,0
sv4-61,Partner,1,0,0,0,0,0,0,0,0,0,0,0,0,0,0,0,0,0
sv4-62,Partner,0,0,0,0,1,0,0,0,0,0,1,0,0,0,0,0,0,0
sv4-63,Partner,1,0,0,0,0,0,0,0,0,0,0,0,0,0,0,0,0,0
sv4-64,Partner,0,0,0,0,0,1,0,0,0,0,0,0,0,0,0,0,0,0
sv4-65,Partner,1,0,0,0,0,0,0,0,0,0,0,0,0,0,0,0,0,0
sv4-66,Partner,1,0,0,0,0,0,0,0,0,0,0,0,0,0,0,0,0,0
sv4-67,Partner,1,0,0,0,0,0,0,0,0,0,0,0,0,0,0,0,0,0
sv4-68,Partner,1,0,0,0,0,0,0,0,0,0,0,0,0,0,0,0,0,0
sv4-69,Partner,0,0,0,0,0,0,0,0,1,0,0,0,0,0,0,0,0,0
sv4-70,Partner,1,0,0,0,0,0,0,0,0,0,0,0,0,0,0,0,0,0
sv4-71,Partner,1,0,0,0,0,0,0,0,0,0,0,0,0,0,0,0,0,0
sv4-72,Partner,0,0,0,0,0,0,0,0,1,0,0,0,0,0,0,0,0,0
sv4-73,Partner,1,0,0,0,0,0,0,0,0,0,0,0,0,0,0,0,0,0
sv4-74,Partner,1,0,0,0,0,0,0,0,0,0,0,0,0,0,0,0,0,0
sv4-75,Partner,1,0,0,0,0,0,0,0,0,0,0,0,0,0,0,0,0,0
sv4-76,Partner,1,0,0,0,0,0,0,0,0,0,0,0,0,0,0,0,0,0
sv4-77,Partner,1,0,0,0,0,0,0,0,0,0,0,0,0,0,0,0,0,0
sv4-78,Partner,1,0,0,0,0,0,0,0,0,0,0,0,0,0,0,0,0,0
sv4-79,Partner,1,0,0,0,0,0,0,0,0,0,0,0,0,0,0,0,0,0
sv4-80,Partner,1,0,0,0,0,0,0,0,0,0,0,0,0,0,0,0,0,0
sv4-81,Partner,1,0,0,0,0,0,0,0,0,0,0,0,0,0,0,0,0,0
sv4-82,Partner,1,0,0,0,0,0,0,0,0,0,0,0,0,0,0,0,0,0
sv4-83,Partner,1,0,0,0,0,0,0,0,0,0,0,0,0,0,0,0,0,0
sv4-84,Partner,0,0,0,0,0,0,0,0,0,0,0,0,1,0,0,0,0,0
sv4-85,Partner,1,0,0,0,0,0,0,0,0,0,0,0,0,0,0,0,0,0
sv4-86,Partner,1,0,0,0,0,0,0,0,0,0,0,0,0,0,0,0,0,0
sv4-87,Partner,1,0,0,0,0,0,0,0,0,0,0,0,0,0,0,0,0,0
sv4-88,Partner,1,0,0,0,0,0,0,0,0,0,0,0,0,0,0,0,0,0
sv4-89,Partner,1,0,0,0,0,0,0,0,0,0,0,0,0,0,0,0,0,0
sv4-187,Partner,0,0,1,0,0,0,0,1,0,0,0,0,0,0,0,0,0,0
sv4-90,Partner,1,0,0,0,0,0,0,0,0,0,0,0,0,0,0,0,0,0
sv4-91,Partner,1,0,0,0,0,0,0,0,0,0,0,0,0,0,0,0,0,0
sv4-92,Partner,1,0,0,0,0,0,0,0,0,0,0,0,0,0,0,0,0,0
sv4-93,Partner,1,0,0,0,0,0,0,0,0,0,0,0,0,0,0,0,0,0
sv4-94,Partner,1,0,0,0,0,0,0,0,0,0,0,0,0,0,0,0,0,0
sv4-1,Main_Developer,1,0,0,0,0,0,0,0,0,0,0,0,0,0,0,0,0,0
sv4-2,Main_Developer,1,0,0,0,0,0,0,0,0,0,0,0,0,0,0,0,0,0
sv4-3,Main_Developer,1,0,0,0,0,0,0,0,0,0,0,0,0,0,0,0,0,0
sv4-4,Main_Developer,1,0,0,0,0,0,0,0,0,0,0,0,0,0,0,0,0,0
sv4-5,Main_Developer,0,0,0,0,0,1,0,0,0,0,0,0,0,0,0,0,0,0
sv4-6,Main_Developer,1,0,0,0,0,0,0,0,0,0,0,0,0,0,0,0,0,0
sv4-7,Main_Developer,0,0,0,0,0,0,0,0,1,0,0,0,0,0,0,0,0,0
sv4-8,Main_Developer,1,0,0,0,0,0,0,0,0,0,0,0,0,0,0,0,0,0
sv4-9,Main_Developer,1,0,0,0,0,0,0,0,0,0,0,0,0,0,0,0,0,0
sv4-10,Main_Developer,1,0,0,0,0,0,0,0,0,0,0,0,0,0,0,0,0,0
sv4-11,Main_Developer,0,0,0,0,0,0,0,0,0,0,1,0,0,0,0,0,0,0
sv4-12,Main_Developer,1,0,0,0,0,0,0,0,0,0,0,0,0,0,0,0,0,0
sv4-13,Main_Developer,0,0,0,0,0,0,0,0,0,0,0,0,1,0,0,0,0,0
sv4-14,Main_Developer,0,0,0,0,0,0,0,0,1,0,0,0,0,0,0,0,0,0
sv4-15,Main_Developer,0,0,0,0,1,0,0,0,0,0,1,0,1,0,0,0,0,0
sv4-16,Main_Developer,1,0,0,0,0,0,0,0,0,0,0,0,0,0,0,0,0,0
sv4-17,Main_Developer,1,0,0,0,0,0,0,0,0,0,0,0,0,0,0,0,0,0
sv4-18,Main_Developer,1,0,0,0,0,0,0,0,0,0,0,0,0,0,0,0,0,0
sv4-19,Main_Developer,1,0,0,0,0,0,0,0,0,0,0,0,0,0,0,0,0,0
sv4-20,Main_Developer,1,0,0,0,0,0,0,0,0,0,0,0,0,0,0,0,0,0
sv4-21,Main_Developer,1,0,0,0,0,0,0,0,0,0,0,0,0,0,0,0,0,0
sv4-22,Main_Developer,1,0,0,0,0,0,0,0,0,0,0,0,0,0,0,0,0,0
sv4-23,Main_Developer,1,0,0,0,0,0,0,0,0,0,0,0,0,0,0,0,0,0
sv4-24,Main_Developer,0,0,1,0,0,0,0,0,0,0,0,0,1,0,0,0,0,0
sv4-25,Main_Developer,0,0,1,0,0,0,0,0,0,0,0,0,0,0,0,0,0,0
sv4-26,Main_Developer,0,0,0,0,0,0,0,1,0,0,0,0,0,0,0,0,0,0
sv4-27,Main_Developer,1,0,0,0,0,0,0,0,0,0,0,0,0,0,0,0,0,0
sv4-28,Main_Developer,1,0,0,0,0,0,0,0,0,0,0,0,0,0,0,0,0,0
sv4-29,Main_Developer,1,0,0,0,0,0,0,0,0,0,0,0,0,0,0,0,0,0
sv4-30,Main_Developer,1,0,0,0,0,0,0,0,0,0,0,0,0,0,0,0,0,0
sv4-31,Main_Developer,0,0,0,0,0,0,0,0,0,0,0,0,1,0,0,0,0,0
sv4-32,Main_Developer,0,0,0,0,0,0,1,0,0,0,0,0,0,0,0,0,0,0
sv4-33,Main_Developer,0,0,0,0,0,0,0,0,0,0,0,0,0,0,0,0,0,0
sv4-34,Main_Developer,0,0,0,0,0,0,0,0,1,0,0,0,0,0,0,0,0,0
sv4-35,Main_Developer,0,0,0,0,0,0,0,0,0,0,0,0,1,0,0,0,0,0
sv4-36,Main_Developer,0,0,0,0,0,0,0,0,0,0,0,0,0,0,0,0,0,0
sv4-37,Main_Developer,1,0,0,0,0,0,0,0,0,0,0,0,0,0,0,0,0,0
sv4-38,Main_Developer,1,0,0,0,0,0,0,0,0,0,0,0,0,0,0,0,0,0
sv4-39,Main_Developer,0,0,1,0,0,0,0,0,0,0,0,0,0,0,0,0,0,0
sv4-40,Main_Developer,0,0,0,0,0,0,0,0,0,0,0,0,1,0,0,0,0,0
sv4-41,Main_Developer,0,0,0,0,0,0,0,0,0,0,0,1,0,0,0,0,0,0
sv4-42,Main_Developer,0,0,0,0,0,0,0,0,0,0,0,0,1,0,0,0,0,0
sv4-43,Main_Developer,1,0,0,0,0,0,0,0,0,0,0,0,0,0,0,0,0,0
sv4-44,Main_Developer,1,0,0,0,0,0,0,0,0,0,0,0,0,0,0,0,0,0
sv4-45,Main_Developer,1,0,0,0,0,0,0,0,0,0,0,0,0,0,0,0,0,0
sv4-46,Main_Developer,1,0,0,0,0,0,0,0,0,0,0,0,0,0,0,0,0,0
sv4-47,Main_Developer,0,0,0,0,0,0,0,0,0,0,0,1,0,0,0,0,0,0
sv4-48,Main_Developer,1,0,0,0,0,0,0,0,0,0,0,0,0,0,0,0,0,0
sv4-49,Main_Developer,0,0,0,0,0,0,0,0,0,0,0,0,1,0,0,0,0,0
sv4-50,Main_Developer,0,0,0,0,0,0,1,0,0,0,0,0,0,0,0,0,0,0
sv4-51,Main_Developer,1,0,0,0,0,0,0,0,0,0,0,0,0,0,0,0,0,0
sv4-52,Main_Developer,0,0,0,0,1,0,0,0,0,0,0,0,0,0,0,0,0,0
sv4-53,Main_Developer,1,0,0,0,0,0,0,0,0,0,0,0,0,0,0,0,0,0
sv4-54,Main_Developer,1,0,0,0,0,0,0,0,0,0,0,0,0,0,0,0,0,0
sv4-55,Main_Developer,1,0,0,0,0,0,0,0,0,0,0,0,0,0,0,0,0,0
sv4-56,Main_Developer,1,0,0,0,0,0,0,0,0,0,0,0,0,0,0,0,0,0
sv4-57,Main_Developer,1,0,0,0,0,0,0,0,0,0,0,0,0,0,0,0,0,0
sv4-58,Main_Developer,1,0,0,0,0,0,0,0,0,0,0,0,0,0,0,0,0,0
sv4-59,Main_Developer,1,0,0,0,0,0,0,0,0,0,0,0,0,0,0,0,0,0
sv4-60,Main_Developer,1,0,0,0,0,0,0,0,0,0,0,0,0,0,0,0,0,0
sv4-61,Main_Developer,1,0,0,0,0,0,0,0,0,0,0,0,0,0,0,0,0,0
sv4-62,Main_Developer,0,0,0,0,1,0,0,0,0,0,1,0,0,0,0,0,0,0
sv4-63,Main_Developer,1,0,0,0,0,0,0,0,0,0,0,0,0,0,0,0,0,0
sv4-64,Main_Developer,0,0,0,0,0,1,0,0,0,0,0,0,0,0,0,0,0,0
sv4-65,Main_Developer,1,0,0,0,0,0,0,0,0,0,0,0,0,0,0,0,0,0
sv4-66,Main_Developer,0,0,0,0,0,0,0,1,0,0,0,0,0,0,0,0,0,0
sv4-67,Main_Developer,1,0,0,0,0,0,0,0,0,0,0,0,0,0,0,0,0,0
sv4-68,Main_Developer,1,0,0,0,0,0,0,0,0,0,0,0,0,0,0,0,0,0
sv4-69,Main_Developer,0,0,0,0,0,0,0,0,1,0,0,0,0,0,0,0,0,0
sv4-70,Main_Developer,0,0,0,0,0,0,1,1,0,0,0,0,0,0,0,0,0,0
sv4-71,Main_Developer,1,0,0,0,0,0,0,0,0,0,0,0,0,0,0,0,0,0
sv4-72,Main_Developer,1,0,0,0,0,0,0,0,0,0,0,0,0,0,0,0,0,0
sv4-73,Main_Developer,1,0,0,0,0,0,0,0,0,0,0,0,0,0,0,0,0,0
sv4-74,Main_Developer,1,0,0,0,0,0,0,0,0,0,0,0,0,0,0,0,0,0
sv4-75,Main_Developer,1,0,0,0,0,0,0,0,0,0,0,0,0,0,0,0,0,0
sv4-76,Main_Developer,0,0,0,0,0,1,0,1,0,0,0,0,0,0,0,0,0,0
sv4-77,Main_Developer,1,0,0,0,0,0,0,0,0,0,0,0,0,0,0,0,0,0
sv4-78,Main_Developer,1,0,0,0,0,0,0,0,0,0,0,0,0,0,0,0,0,0
sv4-79,Main_Developer,1,0,0,0,0,0,0,0,0,0,0,0,0,0,0,0,0,0
sv4-80,Main_Developer,1,0,0,0,0,0,0,0,0,0,0,0,0,0,0,0,0,0
sv4-81,Main_Developer,1,0,0,0,0,0,0,0,0,0,0,0,0,0,0,0,0,0
sv4-82,Main_Developer,1,0,0,0,0,0,0,0,0,0,0,0,0,0,0,0,0,0
sv4-83,Main_Developer,1,0,0,0,0,0,0,0,0,0,0,0,0,0,0,0,0,0
sv4-84,Main_Developer,1,0,0,0,0,0,0,0,0,0,0,0,0,0,0,0,0,0
sv4-85,Main_Developer,1,0,0,0,0,0,0,0,0,0,0,0,0,0,0,0,0,0
sv4-86,Main_Developer,1,0,0,0,0,0,0,0,0,0,0,0,0,0,0,0,0,0
sv4-87,Main_Developer,1,0,0,0,0,0,0,0,0,0,0,0,0,0,0,0,0,0
sv4-88,Main_Developer,1,0,0,0,0,0,0,0,0,0,0,0,0,0,0,0,0,0
sv4-89,Main_Developer,1,0,0,0,0,0,0,0,0,0,0,0,0,0,0,0,0,0
sv4-187,Main_Developer,0,0,1,0,0,0,0,1,0,0,0,0,0,0,0,0,0,0
sv4-90,Main_Developer,1,0,0,0,0,0,0,0,0,0,0,0,0,0,0,0,0,0
sv4-91,Main_Developer,1,0,0,0,0,0,0,0,0,0,0,0,0,0,0,0,0,0
sv4-92,Main_Developer,1,0,0,0,0,0,0,0,0,0,0,0,0,0,0,0,0,0
sv4-93,Main_Developer,1,0,0,0,0,0,0,0,0,0,0,0,0,0,0,0,0,0
sv4-94,Main_Developer,1,0,0,0,0,0,0,0,0,0,0,0,0,0,0,0,0,0
sv4-95,Main_Developer,1,0,0,0,0,0,0,0,0,0,0,0,0,0,0,0,0,0
sv4-96,Main_Developer,0,0,0,0,0,0,0,0,0,0,0,1,0,0,0,0,0,0
sv4-97,Main_Developer,1,0,0,0,0,0,0,0,0,0,0,0,0,0,0,0,0,0
sv4-98,Main_Developer,1,0,0,0,0,0,0,0,0,0,0,0,0,0,0,0,0,0
sv4-99,Main_Developer,1,0,0,0,0,0,0,0,0,0,0,0,0,0,0,0,0,0
sv4-100,Main_Developer,1,0,0,0,0,0,0,0,0,0,0,0,0,0,0,0,0,0
sv4-101,Main_Developer,1,0,0,0,0,0,0,0,0,0,0,0,0,0,0,0,0,0
sv4-102,Main_Developer,0,0,0,0,0,0,0,0,0,0,1,0,1,0,0,0,0,0
sv4-103,Main_Developer,1,0,0,0,0,0,0,0,0,0,0,0,0,0,0,0,0,0
sv4-104,Main_Developer,1,0,0,0,0,0,0,0,0,0,0,0,0,0,0,0,0,0
sv4-105,Main_Developer,1,0,0,0,0,0,0,0,0,0,0,0,0,0,0,0,0,0
sv4-106,Main_Developer,1,0,0,0,0,0,0,0,0,0,0,0,0,0,0,0,0,0
sv4-107,Main_Developer,1,0,0,0,0,0,0,0,0,0,0,0,0,0,0,0,0,0
sv4-108,Main_Developer,1,0,0,0,0,0,0,0,0,0,0,0,0,0,0,0,0,0
sv4-109,Main_Developer,0,0,0,0,0,1,0,1,0,0,0,0,0,0,0,0,0,0
sv4-110,Main_Developer,1,0,0,0,0,0,0,0,0,0,0,0,0,0,0,0,0,0
sv4-111,Main_Developer,1,0,0,0,0,0,0,0,0,0,0,0,0,0,0,0,0,0
sv4-112,Main_Developer,0,0,0,0,0,0,0,1,0,0,0,0,0,0,0,0,0,0
sv4-113,Main_Developer,0,0,0,0,1,0,0,0,0,0,1,0,0,0,0,0,0,0
sv4-114,Main_Developer,0,0,0,1,0,0,0,0,0,0,0,0,0,0,0,0,0,0
sv4-115,Main_Developer,1,0,0,0,0,0,0,0,0,0,0,0,0,0,0,0,0,0
sv4-116,Main_Developer,1,0,0,0,0,0,0,0,0,0,0,0,0,0,0,0,0,0
sv4-117,Main_Developer,0,0,0,0,0,0,0,0,0,0,1,0,0,0,0,0,0,0
sv4-118,Main_Developer,0,0,0,0,0,0,0,1,0,0,0,0,0,0,0,0,0,0
sv4-119,Main_Developer,1,0,0,0,0,0,0,0,0,0,0,0,0,0,0,0,0,0
sv4-120,Main_Developer,0,0,0,0,0,0,0,1,0,0,0,0,1,0,0,0,0,0
sv4-121,Main_Developer,0,0,0,0,0,0,0,0,0,0,0,0,1,0,0,0,0,0
sv4-122,Main_Developer,1,0,0,0,0,0,0,0,0,0,0,0,0,0,0,0,0,0
sv4-123,Main_Developer,0,0,0,0,1,0,0,0,0,0,0,0,0,0,0,0,0,0
sv4-124,Main_Developer,0,0,0,0,0,0,1,0,0,0,0,0,0,0,0,0,0,0
sv4-125,Main_Developer,0,0,0,0,0,0,0,0,0,0,0,0,1,0,0,0,0,0
sv4-126,Main_Developer,0,0,1,1,0,0,0,0,0,0,0,0,0,0,0,0,0,0
sv4-127,Main_Developer,0,0,1,1,0,0,0,0,0,0,0,0,0,0,0,0,0,0
sv4-128,Main_Developer,1,0,0,0,0,0,0,0,0,0,0,0,0,0,0,0,0,0
sv4-129,Main_Developer,1,0,0,0,0,0,0,0,0,0,0,0,0,0,0,0,0,0
sv4-130,Main_Developer,1,0,0,0,0,0,0,0,0,0,0,0,0,0,0,0,0,0
sv4-131,Main_Developer,0,0,0,0,0,0,0,0,0,0,0,0,1,0,0,0,0,0
sv4-132,Main_Developer,1,0,0,0,0,0,0,0,0,0,0,0,0,0,0,0,0,0
sv4-133,Main_Developer,0,0,0,0,0,0,0,0,0,0,0,1,0,0,0,0,0,0
sv4-134,Main_Developer,1,0,0,0,0,0,0,0,0,0,0,0,0,0,0,0,0,0
sv4-135,Main_Developer,1,0,0,0,0,0,0,0,0,0,0,0,0,0,0,0,0,0
sv4-136,Main_Developer,1,0,0,0,0,0,0,0,0,0,0,0,0,0,0,0,0,0
sv4-137,Main_Developer,1,0,0,0,0,0,0,0,0,0,0,0,0,0,0,0,0,0
sv4-138,Main_Developer,0,0,1,0,0,0,0,0,0,0,0,0,1,0,0,0,0,0
sv4-139,Main_Developer,1,0,0,0,0,0,0,0,0,0,0,0,0,0,0,0,0,0
sv4-140,Main_Developer,1,0,0,0,0,0,0,0,0,0,0,0,0,0,0,0,0,0
sv4-141,Main_Developer,0,0,0,0,1,0,0,0,0,0,1,0,0,0,0,0,0,0
sv4-142,Main_Developer,1,0,0,0,0,0,0,0,0,0,0,0,0,0,0,0,0,0
sv4-143,Main_Developer,0,0,0,0,0,0,0,0,0,0,0,1,0,0,0,0,0,0
sv4-144,Main_Developer,0,0,0,0,0,0,0,1,1,0,0,0,0,0,0,0,0,0
sv4-145,Main_Developer,0,0,0,0,0,0,0,0,0,0,0,0,1,0,0,0,0,0
sv4-146,Main_Developer,1,0,0,0,0,0,0,0,0,0,0,0,0,0,0,0,0,0
sv4-147,Main_Developer,0,0,0,0,0,1,0,0,0,0,0,0,0,0,0,0,0,0
sv4-148,Main_Developer,0,0,1,0,0,0,0,0,0,0,0,0,0,0,0,0,0,0
sv4-149,Main_Developer,1,0,0,0,0,0,0,0,0,0,0,0,0,0,0,0,0,0
sv4-150,Main_Developer,1,0,0,0,0,0,0,0,0,0,0,0,0,0,0,0,0,0
sv4-151,Main_Developer,1,0,0,0,0,0,0,0,0,0,0,0,0,0,0,0,0,0
sv4-152,Main_Developer,1,0,0,0,0,0,0,0,0,0,0,0,0,0,0,0,0,0
sv4-153,Main_Developer,0,0,0,1,0,0,0,0,0,0,0,0,0,0,0,0,0,0
sv4-154,Main_Developer,0,0,1,0,0,0,0,0,0,0,0,0,0,0,0,0,0,0
sv4-155,Main_Developer,1,0,0,0,0,0,0,0,0,0,0,0,0,0,0,0,0,0
sv4-156,Main_Developer,1,0,0,0,0,0,0,0,0,0,0,0,0,0,0,0,0,0
sv4-157,Main_Developer,1,0,0,0,0,0,0,0,0,0,0,0,0,0,0,0,0,0
sv4-158,Main_Developer,1,0,0,0,0,0,0,0,0,0,0,0,0,0,0,0,0,0
sv4-159,Main_Developer,0,1,0,0,0,0,0,0,0,0,0,0,0,0,0,0,0,0
sv4-160,Main_Developer,0,1,0,0,0,0,0,0,0,0,0,0,0,0,0,0,0,0
sv4-161,Main_Developer,0,1,0,0,0,0,0,0,0,0,0,0,0,0,0,0,0,0
sv4-162,Main_Developer,1,0,0,0,0,0,0,0,0,0,0,0,0,0,0,0,0,0
sv4-163,Main_Developer,1,0,0,0,0,0,0,0,0,0,0,0,0,0,0,0,0,0
sv4-164,Main_Developer,1,0,0,0,0,0,0,0,0,0,0,0,0,0,0,0,0,0
sv4-165,Main_Developer,1,0,0,0,0,0,0,0,0,0,0,0,0,0,0,0,0,0
sv4-166,Main_Developer,1,0,0,0,0,0,0,0,0,0,0,0,0,0,0,0,0,0
sv4-167,Main_Developer,1,0,0,0,0,0,0,0,0,0,0,0,0,0,0,0,0,0
sv4-168,Main_Developer,1,0,0,0,0,0,0,0,0,0,0,0,0,0,0,0,0,0
sv4-169,Main_Developer,1,0,0,0,0,0,0,0,0,0,0,0,0,0,0,0,0,0
sv4-170,Main_Developer,1,0,0,0,0,0,0,0,0,0,0,0,0,0,0,0,0,0
sv4-171,Main_Developer,1,0,0,0,0,0,0,0,0,0,0,0,0,0,0,0,0,0
sv4-172,Main_Developer,0,1,0,0,0,0,0,0,0,0,0,0,0,0,0,0,0,0
sv4-173,Main_Developer,0,1,0,0,0,0,0,0,0,0,0,0,0,0,0,0,0,0
sv4-174,Main_Developer,0,1,0,0,0,0,0,0,0,0,0,0,0,0,0,0,0,0
sv4-175,Main_Developer,0,0,1,0,0,0,0,0,1,0,0,0,0,0,0,0,0,0
sv4-176,Main_Developer,1,0,0,0,0,0,0,0,0,0,0,0,0,0,0,0,0,0
sv4-177,Main_Developer,1,0,0,0,0,0,0,0,0,0,0,0,0,0,0,0,0,0
sv4-178,Main_Developer,1,0,0,0,0,0,0,0,0,0,0,0,0,0,0,0,0,0
sv4-179,Main_Developer,1,0,0,0,0,0,0,0,0,0,0,0,0,0,0,0,0,0
sv4-180,Main_Developer,1,0,0,0,0,0,0,0,0,0,0,0,0,0,0,0,0,0
sv4-181,Main_Developer,1,0,0,0,0,0,0,0,0,0,0,0,0,0,0,0,0,0
sv4-182,Main_Developer,1,0,0,0,0,0,0,0,0,0,0,0,0,0,0,0,0,0
sv4-183,Main_Developer,0,0,0,0,0,0,0,0,0,0,1,0,0,0,0,0,0,0
sv4-184,Main_Developer,0,0,0,0,0,0,0,1,0,0,1,0,0,0,0,0,0,0
sv4-185,Main_Developer,0,0,0,0,0,0,0,1,0,0,0,0,0,0,0,0,0,0
sv4-186,Main_Developer,0,0,0,1,0,0,0,0,0,0,0,0,1,0,0,0,0,0
sv4-188,Main_Developer,0,0,1,1,0,0,0,0,0,0,0,0,0,0,0,0,0,0
sv4-189,Main_Developer,0,0,0,1,0,0,0,0,0,0,0,0,1,0,0,0,0,0
sv4-190,Main_Developer,0,0,0,1,0,0,0,0,0,0,0,1,0,0,0,0,0,0
sv4-191,Main_Developer,0,0,0,0,0,0,0,0,0,0,0,0,1,0,0,0,0,0
sv4-192,Main_Developer,0,0,0,0,1,0,0,0,0,0,0,0,0,0,0,0,0,0
sv4-193,Main_Developer,0,0,0,1,0,0,0,0,0,0,0,0,0,0,0,0,0,0
sv4-194,Main_Developer,0,0,0,1,0,0,0,0,0,0,0,0,0,0,0,0,0,0
sv4-195,Main_Developer,0,0,0,0,0,0,0,1,0,0,0,0,1,0,0,0,0,0
sv4-196,Main_Developer,0,0,0,1,0,0,1,0,0,0,0,0,0,0,0,0,0,0
sv4-197,Main_Developer,0,0,0,0,0,0,0,1,0,0,1,0,1,0,0,0,0,0
sv4-198,Main_Developer,0,0,0,0,0,0,0,0,0,0,0,1,0,0,0,0,0,0
sv4-199,Main_Developer,0,0,0,0,0,0,1,1,0,0,0,0,0,0,0,0,0,0
sv4-200,Main_Developer,0,0,1,0,0,0,0,0,0,0,0,0,1,0,0,0,0,0
sv4-201,Main_Developer,0,0,0,1,0,0,0,0,0,0,0,0,0,0,0,0,0,0
sv4-202,Main_Developer,0,0,0,1,0,1,0,0,0,0,0,0,0,0,0,0,0,0
sv4-203,Main_Developer,0,0,0,0,0,1,0,1,0,0,0,0,0,0,0,0,0,0
sv4-204,Main_Developer,0,0,0,1,0,0,0,0,0,0,0,0,1,0,0,0,0,0
sv4-205,Main_Developer,0,0,0,0,1,0,0,0,0,0,1,0,0,0,0,0,0,0
sv4-206,Main_Developer,0,0,0,1,1,0,0,0,0,0,0,0,1,0,0,0,0,0
sv4-207,Main_Developer,0,0,0,0,1,0,0,0,0,0,1,0,0,0,0,0,0,0
sv4-208,Main_Developer,0,0,0,1,0,0,0,0,0,0,0,0,0,0,0,0,0,0
sv4-209,Main_Developer,0,0,0,1,0,0,0,0,0,0,0,0,0,0,0,0,0,0
sv4-210,Main_Developer,0,0,0,0,0,1,0,1,0,0,0,0,0,0,0,0,0,0
sv4-211,Main_Developer,0,0,1,1,0,0,0,0,1,0,0,0,0,0,0,0,0,0
sv4-212,Main_Developer,0,0,0,0,0,0,0,1,0,1,0,0,0,0,0,0,0,0
sv4-213,Main_Developer,0,0,1,0,0,0,0,0,0,0,0,0,1,0,0,0,0,0
sv4-214,Main_Developer,0,0,0,1,1,0,0,0,0,0,0,0,0,0,0,0,0,0
sv4-215,Main_Developer,0,0,0,1,0,0,0,0,0,0,0,0,0,0,0,0,0,0
sv4-216,Main_Developer,0,0,0,0,0,0,0,1,0,0,0,1,0,0,0,0,0,0
sv4-217,Main_Developer,1,0,0,0,0,0,0,0,0,0,0,0,0,0,0,0,0,0
sv4-218,Main_Developer,1,0,0,0,0,0,0,0,0,0,0,0,0,0,0,0,0,0
sv4-219,Main_Developer,1,0,0,0,0,0,0,0,0,0,0,0,0,0,0,0,0,0
sv4-220,Main_Developer,1,0,0,0,0,0,0,0,0,0,0,0,0,0,0,0,0,0
sv4-221,Main_Developer,1,0,0,0,0,0,0,0,0,0,0,0,0,0,0,0,0,0
sv4-222,Main_Developer,1,0,0,0,0,0,0,0,0,0,0,0,0,0,0,0,0,0
sv4-223,Main_Developer,1,0,0,0,0,0,0,0,0,0,0,0,0,0,0,0,0,0
sv4-224,Main_Developer,1,0,0,0,0,0,0,0,0,0,0,0,0,0,0,0,0,0
sv4-225,Main_Developer,1,0,0,0,0,0,0,0,0,0,0,0,0,0,0,0,0,0
sv4-226,Main_Developer,1,0,0,0,0,0,0,0,0,0,0,0,0,0,0,0,0,0
sv4-227,Main_Developer,1,0,0,0,0,0,0,0,0,0,0,0,0,0,0,0,0,0
sv4-228,Main_Developer,1,0,0,0,0,0,0,0,0,0,0,0,0,0,0,0,0,0
sv4-229,Main_Developer,1,0,0,0,0,0,0,0,0,0,0,0,0,0,0,0,0,0
sv4-230,Main_Developer,1,0,0,0,0,0,0,0,0,0,0,0,0,0,0,0,0,0
sv4-231,Main_Developer,1,0,0,0,0,0,0,0,0,0,0,0,0,0,0,0,0,0
sv4-232,Main_Developer,1,0,0,0,0,0,0,0,0,0,0,0,0,0,0,0,0,0
sv4-233,Main_Developer,0,0,0,0,0,0,1,0,0,0,1,0,0,0,0,0,0,0
sv4-234,Main_Developer,1,0,0,0,0,0,0,0,0,0,0,0,0,0,0,0,0,0
sv4-235,Main_Developer,1,0,0,0,0,0,0,0,0,0,0,0,0,0,0,0,0,0
sv4-236,Main_Developer,1,0,0,0,0,0,0,0,0,0,0,0,0,0,0,0,0,0
sv4-237,Main_Developer,1,0,0,0,0,0,0,0,0,0,0,0,0,0,0,0,0,0
sv4-238,Main_Developer,1,0,0,0,0,0,0,0,0,0,0,0,0,0,0,0,0,0
sv4-239,Main_Developer,0,0,0,0,0,0,0,0,0,0,0,0,1,0,0,0,0,0
sv4-240,Main_Developer,0,0,0,0,0,0,0,0,0,0,0,0,1,0,0,0,0,0
sv4-241,Main_Developer,0,0,0,0,0,0,0,0,0,0,0,0,1,0,0,0,0,0
sv4-242,Main_Developer,0,0,0,0,0,0,0,0,0,0,0,0,1,0,0,0,0,0
sv4-243,Main_Developer,1,0,0,0,0,0,0,0,0,0,0,0,0,0,0,0,0,0
sv4-244,Main_Developer,1,0,0,0,0,0,0,0,0,0,0,0,0,0,0,0,0,0
sv4-245,Main_Developer,1,0,0,0,0,0,0,0,0,0,0,0,0,0,0,0,0,0
sv4-246,Main_Developer,0,0,0,0,0,0,0,1,0,0,0,0,1,0,0,0,0,0
sv4-247,Main_Developer,0,0,0,1,1,0,0,0,0,0,0,0,0,0,0,0,0,0
sv4-248,Main_Developer,0,0,0,1,0,0,0,0,0,0,0,1,0,0,0,0,0,0
sv4-249,Main_Developer,0,0,0,0,0,0,0,1,0,0,0,0,1,0,0,0,0,0
sv4-250,Main_Developer,0,0,1,0,0,0,0,0,0,0,0,1,0,0,0,0,0,0
sv8pt5-3,Main_Developer,1,0,0,0,0,0,0,0,0,0,0,0,0,0,0,0,0,0
sv8pt5-2,Main_Developer,0,0,0,0,0,0,0,0,0,0,0,0,1,0,0,0,0,0
sv8pt5-1,Main_Developer,0,0,1,0,0,0,0,0,0,0,0,0,1,0,0,0,0,0
sv8pt5-6,Main_Developer,1,0,0,0,0,0,0,0,0,0,0,0,0,0,0,0,0,0
sv8pt5-8,Main_Developer,1,0,0,0,0,0,0,0,0,0,0,0,0,0,0,0,0,0
sv8pt5-9,Main_Developer,1,0,0,0,0,0,0,0,0,0,0,0,0,0,0,0,0,0
sv8pt5-4,Main_Developer,0,0,0,1,1,0,0,0,0,0,0,0,0,0,0,0,0,0
sv8pt5-5,Main_Developer,0,0,0,0,0,0,0,0,0,0,0,0,1,0,0,0,0,0
sv8pt5-7,Main_Developer,1,0,0,0,0,0,0,0,0,0,0,0,0,0,0,0,0,0
sv8pt5-13,Main_Developer,1,0,0,0,0,0,0,0,0,0,0,0,0,0,0,0,0,0
sv8pt5-11,Main_Developer,1,0,0,0,0,0,0,0,0,0,0,0,0,0,0,0,0,0
sv8pt5-14,Main_Developer,1,0,0,0,0,0,0,0,0,0,0,0,0,0,0,0,0,0
sv8pt5-10,Main_Developer,1,0,0,0,0,0,0,0,0,0,0,0,0,0,0,0,0,0
sv8pt5-12,Main_Developer,1,0,0,0,0,0,0,0,0,0,0,0,0,0,0,0,0,0
sv8pt5-22,Main_Developer,1,0,0,0,0,0,0,0,0,0,0,0,0,0,0,0,0,0
sv8pt5-23,Main_Developer,1,0,0,0,0,0,0,0,0,0,0,0,0,0,0,0,0,0
sv8pt5-25,Main_Developer,1,0,0,0,0,0,0,0,0,0,0,0,0,0,0,0,0,0
sv8pt5-31,Main_Developer,1,0,0,0,0,0,0,0,0,0,0,0,0,0,0,0,0,0
sv8pt5-32,Main_Developer,1,0,0,0,0,0,0,0,0,0,0,0,0,0,0,0,0,0
sv8pt5-33,Main_Developer,0,0,0,1,0,0,0,0,0,0,0,0,1,0,0,0,0,0
sv8pt5-35,Main_Developer,0,0,0,0,0,0,0,0,0,0,0,1,0,0,0,0,0,0
sv8pt5-15,Main_Developer,0,0,0,0,0,1,0,0,0,0,0,0,0,0,0,0,0,0
sv8pt5-21,Main_Developer,0,0,0,0,0,0,0,0,0,0,0,0,1,0,0,0,0,0
sv8pt5-30,Main_Developer,1,0,0,0,0,0,0,0,0,0,0,0,0,0,0,0,0,0
sv8pt5-18,Main_Developer,0,0,1,0,0,0,0,0,0,0,0,1,0,0,0,0,0,0
sv8pt5-24,Main_Developer,0,0,0,0,0,0,0,0,0,0,0,0,1,0,0,0,0,0
sv8pt5-26,Main_Developer,1,0,0,0,0,0,0,0,0,0,0,0,0,0,0,0,0,0
sv8pt5-28,Main_Developer,1,0,0,0,0,0,0,0,0,0,0,0,0,0,0,0,0,0
sv8pt5-16,Main_Developer,0,0,0,0,0,1,0,1,0,0,0,0,0,0,0,0,0,0
sv8pt5-17,Main_Developer,1,0,0,0,0,0,0,0,0,0,0,0,0,0,0,0,0,0
sv8pt5-19,Main_Developer,0,0,1,0,0,0,0,0,0,0,0,0,0,0,0,0,0,0
sv8pt5-20,Main_Developer,0,0,0,0,0,0,0,0,0,0,1,0,0,0,0,0,0,0
sv8pt5-27,Main_Developer,1,0,0,0,0,0,0,0,0,0,0,0,0,0,0,0,0,0
sv8pt5-29,Main_Developer,0,0,0,0,0,0,0,1,0,0,0,0,0,0,0,0,0,0
sv8pt5-34,Main_Developer,1,0,0,0,0,0,0,0,0,0,0,0,0,0,0,0,0,0
sv8pt5-36,Main_Developer,0,0,0,0,0,0,0,0,0,0,1,0,0,0,0,0,0,0
sv8pt5-38,Main_Developer,1,0,0,0,0,0,0,0,0,0,0,0,0,0,0,0,0,0
sv8pt5-45,Main_Developer,1,0,0,0,0,0,0,0,0,0,0,0,0,0,0,0,0,0
sv8pt5-46,Main_Developer,1,0,0,0,0,0,0,0,0,0,0,0,0,0,0,0,0,0
sv8pt5-39,Main_Developer,0,0,0,0,0,1,0,1,0,0,0,0,0,0,0,0,0,0
sv8pt5-42,Main_Developer,1,0,0,0,0,0,0,0,0,0,0,0,0,0,0,0,0,0
sv8pt5-43,Main_Developer,1,0,0,0,0,0,0,0,0,0,0,0,0,0,0,0,0,0
sv8pt5-41,Main_Developer,1,0,0,0,0,0,0,0,0,0,0,0,0,0,0,0,0,0
sv8pt5-37,Main_Developer,1,0,0,0,0,0,0,0,0,0,0,0,0,0,0,0,0,0
sv8pt5-40,Main_Developer,0,0,1,1,0,0,0,0,0,0,0,0,0,0,0,0,0,0
sv8pt5-44,Main_Developer,1,0,0,0,0,0,0,0,0,0,0,0,0,0,0,0,0,0
sv8pt5-49,Main_Developer,1,0,0,0,0,0,0,0,0,0,0,0,0,0,0,0,0,0
sv8pt5-50,Main_Developer,0,0,1,0,0,0,0,1,0,0,0,0,0,0,0,0,0,0
sv8pt5-47,Main_Developer,0,0,1,0,0,0,0,0,0,0,0,1,0,0,0,0,0,0
sv8pt5-48,Main_Developer,0,0,1,0,0,0,0,0,0,0,0,1,0,0,0,0,0,0
sv8pt5-56,Main_Developer,1,0,0,0,0,0,0,0,0,0,0,0,0,0,0,0,0,0
sv8pt5-59,Main_Developer,1,0,0,0,0,0,0,0,0,0,0,0,0,0,0,0,0,0
sv8pt5-51,Main_Developer,1,0,0,0,0,0,0,0,0,0,0,0,0,0,0,0,0,0
sv8pt5-52,Main_Developer,0,0,1,1,0,1,0,0,0,0,0,0,0,0,0,0,0,0
sv8pt5-57,Main_Developer,1,0,0,0,0,0,0,0,0,0,0,0,0,0,0,0,0,0
sv8pt5-54,Main_Developer,1,0,0,0,0,0,0,0,0,0,0,0,0,0,0,0,0,0
sv8pt5-60,Main_Developer,1,0,0,0,0,0,0,0,0,0,0,0,0,0,0,0,0,0
sv8pt5-61,Main_Developer,1,0,0,0,0,0,0,0,0,0,0,0,0,0,0,0,0,0
sv8pt5-53,Main_Developer,0,0,0,0,0,1,0,0,0,0,0,0,0,0,0,0,0,0
sv8pt5-55,Main_Developer,1,0,0,0,0,0,0,0,0,0,0,0,0,0,0,0,0,0
sv8pt5-58,Main_Developer,1,0,0,0,0,0,0,0,0,0,0,0,0,0,0,0,0,0
sv8pt5-62,Main_Developer,1,0,0,0,0,0,0,0,0,0,0,0,0,0,0,0,0,0
sv8pt5-64,Main_Developer,1,0,0,0,0,0,0,0,0,0,0,0,0,0,0,0,0,0
sv8pt5-63,Main_Developer,1,0,0,0,0,0,0,0,0,0,0,0,0,0,0,0,0,0
sv8pt5-65,Main_Developer,1,0,0,0,0,0,0,0,0,0,0,0,0,0,0,0,0,0
sv8pt5-66,Main_Developer,1,0,0,0,0,0,0,0,0,0,0,0,0,0,0,0,0,0
sv8pt5-67,Main_Developer,1,0,0,0,0,0,0,0,0,0,0,0,0,0,0,0,0,0
sv8pt5-68,Main_Developer,1,0,0,0,0,0,0,0,0,0,0,0,0,0,0,0,0,0
sv8pt5-69,Main_Developer,0,0,0,0,0,1,0,1,0,0,0,0,0,0,0,0,0,0
sv8pt5-70,Main_Developer,1,0,0,0,0,0,0,0,0,0,0,0,0,0,0,0,0,0
sv8pt5-71,Main_Developer,0,0,1,0,0,0,0,0,0,0,0,0,1,0,0,0,0,0
sv8pt5-72,Main_Developer,0,0,0,1,0,0,0,1,0,0,0,0,0,0,0,0,0,0
sv8pt5-73,Main_Developer,1,0,0,0,0,0,0,0,0,0,0,0,0,0,0,0,0,0
sv8pt5-74,Main_Developer,0,0,1,0,0,0,0,0,0,0,0,0,1,0,0,0,0,0
sv8pt5-75,Main_Developer,1,0,0,0,0,0,0,0,0,0,0,0,0,0,0,0,0,0
sv8pt5-76,Main_Developer,1,0,0,0,0,0,0,0,0,0,0,0,0,0,0,0,0,0
sv8pt5-78,Main_Developer,1,0,0,0,0,0,0,0,0,0,0,0,0,0,0,0,0,0
sv8pt5-79,Main_Developer,1,0,0,0,0,0,0,0,0,0,0,0,0,0,0,0,0,0
sv8pt5-77,Main_Developer,1,0,0,0,0,0,0,0,0,0,0,0,0,0,0,0,0,0
sv8pt5-81,Main_Developer,0,0,0,0,0,0,0,0,0,0,0,0,1,0,0,0,0,0
sv8pt5-83,Main_Developer,0,0,0,0,0,0,0,1,0,0,0,0,1,0,0,0,0,0
sv8pt5-80,Main_Developer,0,0,0,1,0,0,0,0,0,0,0,0,0,0,0,0,0,0
sv8pt5-82,Main_Developer,1,0,0,0,0,0,0,0,0,0,0,0,0,0,0,0,0,0
sv8pt5-84,Main_Developer,0,0,1,0,0,0,0,1,0,0,0,0,0,0,0,0,0,0
sv8pt5-85,Main_Developer,1,0,0,0,0,0,0,0,0,0,0,0,0,0,0,0,0,0
sv8pt5-86,Main_Developer,1,0,0,0,0,0,0,0,0,0,0,0,0,0,0,0,0,0
sv8pt5-87,Main_Developer,1,0,0,0,0,0,0,0,0,0,0,0,0,0,0,0,0,0
sv8pt5-89,Main_Developer,1,0,0,0,0,0,0,0,0,0,0,0,0,0,0,0,0,0
sv8pt5-88,Main_Developer,1,0,0,0,0,0,0,0,0,0,0,0,0,0,0,0,0,0
sv8pt5-90,Main_Developer,1,0,0,0,0,0,0,0,0,0,0,0,0,0,0,0,0,0
sv8pt5-91,Main_Developer,1,0,0,0,0,0,0,0,0,0,0,0,0,0,0,0,0,0
sv8pt5-92,Main_Developer,1,0,0,0,0,0,0,0,0,0,0,0,0,0,0,0,0,0
sv8pt5-93,Main_Developer,1,0,0,0,0,0,0,0,0,0,0,0,0,0,0,0,0,0
sv8pt5-94,Main_Developer,1,0,0,0,0,0,0,0,0,0,0,0,0,0,0,0,0,0
sv8pt5-97,Main_Developer,0,0,0,0,0,0,0,0,0,0,0,0,1,0,0,0,0,0
sv8pt5-101,Main_Developer,0,1,0,0,0,0,0,0,0,0,0,0,0,0,0,0,0,0
sv8pt5-98,Main_Developer,0,0,0,0,0,0,0,0,0,0,0,0,1,0,0,0,0,0
sv8pt5-95,Main_Developer,0,1,0,0,0,0,0,0,0,0,0,0,0,0,0,0,0,0
sv8pt5-96,Main_Developer,0,0,0,0,0,0,0,0,0,0,0,0,1,0,0,0,0,0
sv8pt5-100,Main_Developer,1,0,0,0,0,0,0,0,0,0,0,0,0,0,0,0,0,0
sv8pt5-99,Main_Developer,1,0,0,0,0,0,0,0,0,0,0,0,0,0,0,0,0,0
sv8pt5-102,Main_Developer,1,0,0,0,0,0,0,0,0,0,0,0,0,0,0,0,0,0
sv8pt5-103,Main_Developer,1,0,0,0,0,0,0,0,0,0,0,0,0,0,0,0,0,0
sv8pt5-106,Main_Developer,1,0,0,0,0,0,0,0,0,0,0,0,0,0,0,0,0,0
sv8pt5-105,Main_Developer,1,0,0,0,0,0,0,0,0,0,0,0,0,0,0,0,0,0
sv8pt5-108,Main_Developer,1,0,0,0,0,0,0,0,0,0,0,0,0,0,0,0,0,0
sv8pt5-112,Main_Developer,1,0,0,0,0,0,0,0,0,0,0,0,0,0,0,0,0,0
sv8pt5-110,Main_Developer,1,0,0,0,0,0,0,0,0,0,0,0,0,0,0,0,0,0
sv8pt5-111,Main_Developer,1,0,0,0,0,0,0,0,0,0,0,0,0,0,0,0,0,0
sv8pt5-104,Main_Developer,1,0,0,0,0,0,0,0,0,0,0,0,0,0,0,0,0,0
sv8pt5-107,Main_Developer,1,0,0,0,0,0,0,0,0,0,0,0,0,0,0,0,0,0
sv8pt5-109,Main_Developer,1,0,0,0,0,0,0,0,0,0,0,0,0,0,0,0,0,0
sv8pt5-113,Main_Developer,1,0,0,0,0,0,0,0,0,0,0,0,0,0,0,0,0,0
sv8pt5-114,Main_Developer,1,0,0,0,0,0,0,0,0,0,0,0,0,0,0,0,0,0
sv8pt5-115,Main_Developer,1,0,0,0,0,0,0,0,0,0,0,0,0,0,0,0,0,0
sv8pt5-119,Main_Developer,0,1,0,0,0,0,0,0,0,0,0,0,0,0,0,0,0,0
sv8pt5-116,Main_Developer,0,1,0,0,0,0,0,0,0,0,0,0,0,0,0,0,0,0
sv8pt5-117,Main_Developer,0,1,0,0,0,0,0,0,0,0,0,0,0,0,0,0,0,0
sv8pt5-118,Main_Developer,0,1,0,0,0,0,0,0,0,0,0,0,0,0,0,0,0,0
sv8pt5-120,Main_Developer,0,0,0,0,0,0,0,0,0,0,0,0,1,0,0,0,0,0
sv8pt5-121,Main_Developer,1,0,0,0,0,0,0,0,0,0,0,0,0,0,0,0,0,0
sv8pt5-122,Main_Developer,1,0,0,0,0,0,0,0,0,0,0,0,0,0,0,0,0,0
sv8pt5-123,Main_Developer,1,0,0,0,0,0,0,0,0,0,0,0,0,0,0,0,0,0
sv8pt5-124,Main_Developer,1,0,0,0,0,0,0,0,0,0,0,0,0,0,0,0,0,0
sv8pt5-125,Main_Developer,1,0,0,0,0,0,0,0,0,0,0,0,0,0,0,0,0,0
sv8pt5-126,Main_Developer,1,0,0,0,0,0,0,0,0,0,0,0,0,0,0,0,0,0
sv8pt5-127,Main_Developer,1,0,0,0,0,0,0,0,0,0,0,0,0,0,0,0,0,0
sv8pt5-128,Main_Developer,1,0,0,0,0,0,0,0,0,0,0,0,0,0,0,0,0,0
sv8pt5-129,Main_Developer,1,0,0,0,0,0,0,0,0,0,0,0,0,0,0,0,0,0
sv8pt5-131,Main_Developer,1,0,0,0,0,0,0,0,0,0,0,0,0,0,0,0,0,0
sv8pt5-130,Main_Developer,1,0,0,0,0,0,0,0,0,0,0,0,0,0,0,0,0,0
sv8pt5-135,Main_Developer,1,0,0,0,0,0,0,0,0,0,0,0,0,0,0,0,0,0
sv8pt5-133,Main_Developer,1,0,0,0,0,0,0,0,0,0,0,0,0,0,0,0,0,0
sv8pt5-134,Main_Developer,1,0,0,0,0,0,0,0,0,0,0,0,0,0,0,0,0,0
sv8pt5-132,Main_Developer,1,0,0,0,0,0,0,0,0,0,0,0,0,0,0,0,0,0
sv8pt5-137,Main_Developer,1,0,0,0,0,0,0,0,0,0,0,0,0,0,0,0,0,0
sv8pt5-136,Main_Developer,1,0,0,0,0,0,0,0,0,0,0,0,0,0,0,0,0,0
sv8pt5-138,Main_Developer,1,0,0,0,0,0,0,0,0,0,0,0,0,0,0,0,0,0
sv8pt5-139,Main_Developer,1,0,0,0,0,0,0,0,0,0,0,0,0,0,0,0,0,0
sv8pt5-140,Main_Developer,1,0,0,0,0,0,0,0,0,0,0,0,0,0,0,0,0,0
sv8pt5-141,Main_Developer,1,0,0,0,0,0,0,0,0,0,0,0,0,0,0,0,0,0
sv8pt5-142,Main_Developer,1,0,0,0,0,0,0,0,0,0,0,0,0,0,0,0,0,0
sv8pt5-143,Main_Developer,1,0,0,0,0,0,0,0,0,0,0,0,0,0,0,0,0,0
sv8pt5-144,Main_Developer,1,0,0,0,0,0,0,0,0,0,0,0,0,0,0,0,0,0
sv8pt5-145,Main_Developer,0,0,0,0,0,0,0,0,0,0,0,1,0,0,0,0,0,0
sv8pt5-147,Main_Developer,0,0,0,0,0,0,0,1,0,0,1,0,0,0,0,0,0,0
sv8pt5-146,Main_Developer,0,0,0,0,1,0,0,1,0,0,0,0,0,0,0,0,0,0
sv8pt5-151,Main_Developer,0,0,0,0,0,1,0,1,0,0,1,0,0,0,0,0,0,0
sv8pt5-153,Main_Developer,0,0,0,0,1,0,0,1,0,0,0,0,0,0,0,0,0,0
sv8pt5-148,Main_Developer,0,0,0,0,0,0,0,0,0,1,0,1,0,0,0,0,0,0
sv8pt5-150,Main_Developer,0,0,0,0,0,0,0,1,0,0,0,0,1,0,0,0,0,0
sv8pt5-152,Main_Developer,0,0,0,0,0,0,0,0,0,1,0,1,0,0,0,0,0,0
sv8pt5-149,Main_Developer,0,0,0,0,0,0,0,1,0,1,0,0,0,0,0,0,0,0
sv8pt5-154,Main_Developer,0,0,0,0,0,0,0,1,0,0,1,0,0,0,0,0,0,0
sv8pt5-155,Main_Developer,0,0,0,0,0,0,0,1,0,0,0,0,0,0,0,0,0,0
sv8pt5-157,Main_Developer,0,0,0,0,0,0,0,1,0,0,1,0,0,0,0,0,0,0
sv8pt5-156,Main_Developer,0,0,0,1,0,0,0,1,0,0,0,0,0,0,0,0,0,0
sv8pt5-158,Main_Developer,0,0,0,0,0,0,0,1,0,0,1,1,0,0,0,0,0,0
sv8pt5-159,Main_Developer,0,0,0,0,1,0,0,0,0,0,0,1,0,0,0,0,0,0
sv8pt5-160,Main_Developer,0,0,0,0,0,0,0,0,0,1,0,1,0,0,0,0,0,0
sv8pt5-162,Main_Developer,0,0,0,0,0,0,0,1,0,0,1,0,1,0,0,0,0,0
sv8pt5-161,Main_Developer,0,0,0,0,1,0,0,1,0,0,1,0,0,0,0,0,0,0
sv8pt5-163,Main_Developer,0,0,0,0,0,0,0,1,0,1,0,1,0,0,0,0,0,0
sv8pt5-164,Main_Developer,0,0,0,0,0,0,0,1,0,0,0,1,0,0,0,0,0,0
sv8pt5-165,Main_Developer,0,0,0,0,0,0,0,1,0,0,1,0,0,0,0,0,0,0
sv8pt5-166,Main_Developer,0,0,0,0,1,0,0,0,0,1,0,0,1,0,0,0,0,0
sv8pt5-167,Main_Developer,0,0,0,0,0,1,0,1,0,0,0,0,0,0,0,0,0,0
sv8pt5-168,Main_Developer,0,0,0,0,0,0,0,1,0,0,1,0,0,0,0,0,0,0
sv8pt5-169,Main_Developer,0,0,0,0,0,0,1,1,0,0,0,0,0,0,0,0,0,0
sv8pt5-170,Main_Developer,0,0,0,0,0,0,0,0,0,1,0,0,0,0,0,0,0,0
sv8pt5-171,Main_Developer,0,0,0,0,0,0,0,0,0,0,0,0,1,0,0,0,0,0
sv8pt5-176,Main_Developer,0,0,1,0,0,0,0,0,0,0,0,0,0,0,0,0,0,0
sv8pt5-174,Main_Developer,1,0,0,0,0,0,0,0,0,0,0,0,0,0,0,0,0,0
sv8pt5-177,Main_Developer,0,0,1,0,0,0,0,0,0,0,0,0,0,0,0,0,0,0
sv8pt5-178,Main_Developer,0,0,1,0,0,0,0,0,0,0,0,0,0,0,0,0,0,0
sv8pt5-180,Main_Developer,0,0,1,0,0,0,0,0,0,0,0,0,0,0,0,0,0,0
sv8pt5-172,Main_Developer,1,0,0,0,0,0,0,0,0,0,0,0,0,0,0,0,0,0
sv8pt5-173,Main_Developer,1,0,0,0,0,0,0,0,0,0,0,0,0,0,0,0,0,0
sv8pt5-175,Main_Developer,1,0,0,0,0,0,0,0,0,0,0,0,0,0,0,0,0,0
sv8pt5-179,Main_Developer,0,0,1,0,0,0,0,0,0,0,0,0,0,0,0,0,0,0
