card_id,labeled_by,minimalist,maximalist,traditional_watercolor,crisp_digital_portrait,cinematic,handcrafted_diorama,surrealist,kinetic,chaotic,modern,whimsical,legendary,standard_generic,neutral,has_cameo,is_trainer_gallery,pop_art,comic_book_illustration,other_unique
0,0,0,0,0,0,0,0,0,0,0,1,0,1,0,0,0,0.0,0,0.0,0
0,1,0,0,0,0,0,0,0,0,0,0,0,1,0,0,0,0.0,0,0.0,0
0,0,1,0,0,0,1,0,0,0,0,0,0,0,0,0,0,0.0,0,0.0,0
0,0,0,0,0,0,0,0,0,0,0,1,0,1,0,0,0,0.0,0,0.0,0
0,0,0,0,0,0,0,0,0,0,0,1,0,1,0,0,0,0.0,0,0.0,0
0,0,0,0,0,0,1,0,0,0,0,1,0,0,0,0,0,0.0,0,0.0,0
0,1,0,1,0,0,0,0,0,0,0,0,0,1,0,0,0,0.0,0,0.0,0
0,0,0,0,0,0,0,0,0,0,0,1,0,1,0,0,0,0.0,0,0.0,0
0,0,0,0,0,0,1,0,0,0,0,1,0,0,0,0,0,0.0,0,0.0,0
0,0,0,1,0,0,0,0,0,0,1,0,0,0,0,0,0,0.0,0,0.0,0
0,0,0,0,0,0,0,0,0,0,0,1,0,1,0,0,0,0.0,0,0.0,0
0,0,0,1,0,0,1,0,0,0,0,1,0,0,0,0,0,0.0,0,0.0,0
0,0,0,1,0,0,0,0,0,0,0,0,0,1,0,0,0,0.0,0,0.0,0
0,0,0,0,0,0,0,0,0,0,0,1,0,1,0,0,0,0.0,0,0.0,0
0,0,1,0,0,0,0,0,1,0,0,0,0,0,0,0,0,0.0,0,0.0,0
0,0,0,0,0,0,0,0,0,0,0,1,0,1,0,0,0,0.0,0,0.0,0
0,0,0,0,0,0,1,0,0,0,0,1,0,0,0,0,0,0.0,0,0.0,0
0,0,0,0,0,0,0,0,0,0,0,0,0,1,0,0,1,0.0,0,0.0,0
0,0,0,0,0,0,1,0,0,0,0,1,0,0,0,0,0,0.0,0,0.0,0
0,0,0,0,0,0,0,0,0,0,0,1,0,1,0,0,0,0.0,0,0.0,0
0,0,0,0,0,0,0,0,0,0,0,1,0,1,0,0,0,0.0,0,0.0,0
0,0,1,0,0,0,0,0,1,0,0,0,0,0,0,0,0,0.0,0,0.0,0
0,0,0,0,0,0,0,0,0,0,0,1,0,1,0,0,0,0.0,0,0.0,0
0,0,0,0,0,0,0,0,0,0,0,1,0,1,0,0,0,0.0,0,0.0,0
0,0,0,0,0,0,0,0,0,0,0,1,0,1,0,0,0,0.0,0,0.0,0
0,0,0,1,0,0,0,0,0,0,0,0,0,1,0,0,0,0.0,0,0.0,0
0,0,1,0,0,0,0,0,1,0,1,0,0,0,0,0,0,0.0,0,0.0,0
1,0,0,0,0,0,0,1,0,0,1,0,0,0,0,0,0,0.0,0,0.0,0
0,0,0,1,0,0,0,0,0,0,1,0,0,0,0,0,0,0.0,0,0.0,0
1,0,0,1,0,0,0,1,0,0,1,0,0,0,0,0,0,0.0,0,0.0,0
1,0,0,0,0,0,0,0,0,1,0,0,0,0,0,0,0,0.0,0,0.0,0
0,0,1,0,0,0,0,0,0,0,0,0,0,1,0,0,0,0.0,0,0.0,0
0,0,1,0,0,0,0,0,1,0,0,0,0,0,0,0,0,0.0,0,0.0,0
0,0,1,0,0,0,1,0,1,0,0,0,0,0,0,0,0,0.0,0,0.0,0
0,0,1,0,0,0,1,0,1,0,0,0,0,0,0,0,0,0.0,0,0.0,0
0,0,1,0,0,0,1,0,1,0,0,0,0,0,0,0,0,0.0,0,0.0,0
0,0,1,0,0,0,0,0,1,0,0,0,0,0,0,0,0,0.0,0,0.0,0
0,0,0,0,0,0,0,0,0,1,0,0,0,0,0,0,0,0.0,0,0.0,0
1,0,0,0,0,0,1,0,0,0,0,0,0,0,0,0,0,0.0,0,0.0,0
0,0,1,0,0,0,0,0,1,0,0,0,0,0,0,0,0,0.0,0,0.0,0
0,0,1,0,0,0,1,0,1,0,0,0,0,0,0,0,0,0.0,0,0.0,0
0,0,0,0,0,0,0,0,0,0,0,1,0,1,0,0,0,0.0,0,0.0,0
0,0,1,0,0,0,0,0,1,0,1,0,0,0,0,0,0,0.0,0,0.0,0
0,0,0,0,0,0,0,0,0,1,0,0,0,0,0,0,1,1.0,0,0.0,0
1,0,0,1,0,0,1,0,0,0,1,0,0,0,0,0,0,0.0,0,0.0,0
0,0,0,1,0,0,0,0,0,1,0,0,0,0,0,0,0,0.0,0,0.0,0
0,0,1,0,0,0,1,0,1,0,0,0,0,0,0,0,0,0.0,0,0.0,0
0,0,1,0,0,0,0,0,1,0,0,0,0,0,0,0,0,0.0,0,0.0,0
0,0,1,1,0,0,1,0,1,0,0,0,0,0,0,0,0,0.0,0,0.0,0
0,0,1,0,0,0,0,0,1,0,0,0,0,0,0,0,0,0.0,0,0.0,0
0,1,0,0,0,0,0,0,0,0,0,1,0,1,0,0,0,0.0,0,0.0,0
0,0,0,0,0,0,0,0,0,0,0,1,0,1,0,0,0,0.0,0,0.0,0
0,0,0,0,0,0,0,0,0,0,0,1,0,1,0,0,0,0.0,0,0.0,0
0,0,0,0,0,0,0,0,0,0,0,1,0,1,0,0,0,0.0,0,0.0,0
0,0,1,0,0,0,1,0,0,0,0,0,0,0,0,0,0,0.0,0,0.0,0
0,0,1,0,0,0,0,0,1,0,0,0,0,0,0,0,0,0.0,0,0.0,0
0,0,1,0,0,0,1,0,1,0,0,0,0,0,0,0,0,0.0,0,0.0,0
0,0,1,0,0,0,0,0,1,0,0,0,0,0,0,0,0,0.0,0,0.0,0
0,0,1,0,0,0,0,0,1,1,0,0,0,0,0,0,0,0.0,0,0.0,0
0,0,1,0,0,0,0,0,1,0,1,0,0,0,0,0,0,0.0,0,0.0,0
0,0,1,0,0,0,0,0,1,0,0,0,0,0,0,0,0,0.0,0,0.0,0
0,1,0,0,0,0,0,0,0,0,0,0,0,1,0,0,0,0.0,0,0.0,0
0,0,0,0,0,0,0,0,0,1,0,0,0,0,0,0,1,0.0,0,0.0,0
0,0,0,1,0,0,1,0,0,0,0,0,0,0,0,0,0,0.0,0,0.0,0
0,0,0,1,1,0,0,0,1,0,0,0,0,0,0,0,0,0.0,0,0.0,0
0,0,0,1,0,0,0,0,0,1,0,0,0,0,0,0,0,0.0,0,0.0,0
0,0,0,0,0,0,0,0,0,1,0,0,0,0,0,0,0,0.0,0,0.0,0
0,0,0,1,0,0,0,0,0,1,0,0,0,0,0,0,0,0.0,0,0.0,0
0,0,0,1,0,0,1,0,0,0,1,0,0,0,0,0,0,0.0,0,0.0,0
0,1,0,1,0,0,0,1,0,0,0,0,0,0,0,0,0,0.0,0,0.0,0
0,0,0,1,0,0,0,0,1,0,1,0,0,0,0,0,0,0.0,0,0.0,0
0,0,0,0,0,0,0,0,0,0,0,0,0,1,1,0,0,,1,0.0,0
0,0,0,0,0,0,0,0,1,0,1,0,0,0,0,0,0,,0,0.0,0
0,0,0,1,0,0,1,0,1,0,0,0,0,0,0,0,0,,1,0.0,0
0,1,0,1,0,0,0,1,0,0,1,0,0,0,1,0,0,,0,0.0,0
0,0,0,0,0,1,0,1,0,0,0,0,0,0,0,0,0,,0,0.0,0
1,0,0,0,0,0,0,0,0,1,0,0,0,0,0,0,0,,1,0.0,0
0,0,0,1,0,0,0,0,0,1,1,0,0,0,0,0,0,,0,0.0,0
0,0,0,0,0,0,0,0,0,1,0,0,0,0,0,0,0,,0,0.0,0
0,0,0,0,0,0,0,0,0,1,0,0,0,0,0,0,0,,0,0.0,0
0,0,0,1,0,0,0,0,0,0,1,0,0,0,0,0,0,,0,0.0,0
0,0,0,1,0,0,1,0,0,1,1,0,0,0,1,0,0,,0,0.0,0
0,1,0,0,0,0,0,0,0,1,0,0,0,0,1,0,0,,0,0.0,0
0,0,0,0,0,0,0,0,1,0,0,0,0,0,0,0,0,,1,0.0,0
0,0,0,0,0,0,0,0,0,1,0,1,0,0,1,0,0,,0,0.0,0
0,0,0,1,0,0,0,0,0,1,0,0,0,0,1,0,0,,0,0.0,0
0,0,0,0,0,0,0,0,0,1,0,0,0,0,0,0,0,,1,0.0,0
0,0,0,0,0,0,0,0,1,1,0,0,0,0,0,0,1,,0,0.0,0
0,0,1,0,0,0,0,0,1,0,1,0,0,0,0,0,0,,0,0.0,0
0,0,1,1,0,0,0,1,0,0,1,0,0,0,0,0,0,,0,0.0,0
0,0,1,1,0,0,0,0,1,0,0,0,0,0,0,0,0,,0,0.0,0
0,0,1,0,0,0,0,0,1,0,0,0,0,1,0,0,0,,0,0.0,0
0,0,0,0,0,0,1,0,0,0,0,1,0,0,0,0,0,,0,0.0,0
0,0,0,0,0,0,0,0,0,1,0,0,0,0,0,0,1,,0,0.0,0
0,0,0,0,0,0,0,0,0,0,0,1,0,1,0,0,0,,0,0.0,0
0,0,1,0,0,0,1,1,0,0,0,0,0,0,0,0,0,,0,0.0,0
0,0,1,0,0,0,0,0,1,0,1,0,0,0,0,0,0,,0,0.0,0
0,0,1,0,0,0,0,0,1,0,1,0,0,0,0,0,0,,0,0.0,0
0,0,0,1,0,0,1,0,0,1,1,0,0,0,0,0,0,,1,0.0,0
0,0,0,1,0,0,1,0,1,0,1,0,0,0,0,1,0,,0,0.0,0
1,0,0,1,0,0,0,1,0,0,0,0,0,0,0,0,0,,0,0.0,0
0,0,0,1,0,0,0,1,0,0,0,0,0,0,0,1,0,,1,0.0,0
0,0,0,1,0,0,1,0,0,0,1,0,0,0,0,1,0,,0,0.0,0
0,0,0,1,0,0,0,0,1,0,0,0,0,0,0,0,0,,1,0.0,0
1,0,0,1,0,0,0,1,0,0,1,0,0,0,0,0,0,,0,0.0,0
1,1,0,1,0,0,0,1,0,0,1,0,0,0,0,0,0,,0,0.0,0
0,0,0,0,0,0,0,0,0,1,0,0,0,0,0,0,0,,1,0.0,0
0,0,0,1,0,0,0,0,0,0,1,0,0,0,0,1,0,,0,0.0,0
0,0,0,1,0,0,0,0,0,1,0,0,0,0,0,1,0,,0,0.0,0
0,0,0,1,0,0,0,0,0,1,0,0,0,0,0,0,1,,0,0.0,0
0,0,0,1,0,0,1,1,0,0,1,0,0,0,0,0,0,,0,0.0,0
0,0,0,0,0,0,0,0,0,1,0,0,0,0,0,1,1,,1,0.0,0
0,0,0,0,0,0,0,0,0,0,0,0,0,1,0,0,0,,0,0.0,0
0,0,0,1,0,0,0,0,1,0,1,0,0,0,0,0,0,,0,0.0,0
0,0,0,1,0,0,1,0,1,1,1,0,0,0,0,0,0,,0,0.0,0
1,0,0,1,0,0,0,1,1,0,1,0,0,0,0,0,0,,0,0.0,0
0,0,0,1,0,0,1,0,0,1,1,0,0,0,0,0,0,,0,0.0,0
0,0,0,1,0,0,1,0,1,1,1,0,0,0,0,0,1,,1,0.0,0
0,0,0,1,0,0,1,1,1,0,1,0,0,0,0,0,1,,1,0.0,0
0,0,0,1,0,0,0,1,1,0,1,0,0,0,0,0,1,,1,0.0,0
0,0,0,1,0,0,1,1,1,0,1,0,0,0,0,0,1,,1,0.0,0
0,0,0,0,0,0,0,1,1,0,1,0,0,0,0,0,1,,1,0.0,0
0,0,0,0,0,0,1,1,1,0,0,0,0,0,0,0,1,,1,0.0,0
1,0,0,0,0,0,0,0,0,1,0,0,0,0,0,1,0,,0,0.0,0
1,1,0,0,0,0,0,0,0,1,0,0,0,0,0,0,0,,0,0.0,0
0,0,0,1,0,0,1,1,0,0,0,0,0,0,0,0,0,,0,0.0,0
1,0,0,1,0,0,0,1,0,1,0,0,0,0,1,0,0,,1,0.0,0
0,0,0,1,0,0,0,0,0,1,0,0,0,0,0,0,0,,0,0.0,0
0,0,0,1,0,0,0,0,0,0,0,0,0,0,0,1,1,,0,0.0,0
0,0,0,0,0,0,0,0,1,1,0,0,0,0,0,0,1,,0,0.0,0
0,0,0,1,0,0,1,1,1,0,1,0,0,0,0,0,0,,0,0.0,0
0,0,0,0,0,0,0,0,0,1,0,0,0,0,0,0,0,,1,0.0,0
0,0,0,1,0,0,1,0,0,0,0,0,0,0,1,0,0,,0,0.0,0
0,0,0,0,0,0,0,1,0,0,0,1,0,0,0,1,0,,0,0.0,0
0,0,0,0,0,0,1,0,0,0,1,1,0,0,0,0,0,,0,0.0,0
0,0,1,0,0,0,0,0,0,1,0,0,0,0,0,0,0,,0,0.0,0
0,0,1,1,0,0,0,0,0,0,0,0,0,0,0,1,0,,0,0.0,0
0,0,1,1,0,0,0,0,1,0,0,0,0,0,0,1,0,,0,0.0,0
0,0,0,1,0,0,0,0,0,0,0,0,0,1,0,0,1,,0,0.0,0
0,0,0,1,0,0,0,0,0,0,0,0,0,1,0,0,1,,0,0.0,0
0,0,0,1,0,0,0,1,0,1,0,0,0,0,0,0,0,,0,0.0,0
0,0,0,1,0,0,0,0,0,0,0,1,0,1,0,1,0,,0,0.0,0
0,0,0,1,0,0,0,0,0,1,0,0,0,0,0,0,1,,0,0.0,0
0,0,0,0,0,0,0,0,0,0,0,1,0,1,1,0,0,,0,0.0,0
0,0,0,1,0,0,0,1,0,1,0,0,0,0,0,0,0,,0,0.0,0
0,0,0,1,0,0,0,0,0,1,0,0,0,0,0,0,0,,0,0.0,0
0,0,0,1,0,0,0,0,0,1,0,0,0,0,0,0,0,,1,0.0,0
0,0,0,1,0,0,0,0,0,0,1,0,0,0,1,0,0,,1,0.0,0
0,0,0,1,0,0,0,0,0,1,0,0,0,0,0,0,0,,0,0.0,0
1,0,0,1,0,0,1,0,1,0,1,0,0,0,0,0,0,,0,0.0,0
0,0,0,0,0,0,0,0,1,1,0,0,0,0,0,1,1,,0,0.0,0
0,0,0,0,0,0,0,1,1,0,1,0,0,0,0,0,1,,1,0.0,0
0,0,0,0,0,0,1,0,0,0,0,1,0,0,0,0,0,,0,0.0,0
0,0,0,1,0,0,1,0,0,0,0,0,0,0,0,0,0,,0,0.0,0
0,0,1,0,0,0,1,0,0,0,0,0,0,0,0,0,0,,0,0.0,0
0,0,0,0,0,0,0,0,0,0,0,1,0,1,0,0,0,,0,0.0,0
0,0,0,0,0,0,1,0,0,0,0,1,0,0,0,0,0,,0,0.0,0
0,0,1,0,0,0,1,0,0,0,0,0,0,0,0,0,0,,0,0.0,0
0,0,0,1,0,0,1,0,0,0,1,0,0,0,0,0,0,,0,0.0,0
0,0,0,1,0,0,1,0,0,0,1,0,0,0,0,0,0,,0,0.0,0
0,1,0,1,0,0,1,1,0,0,1,0,0,0,0,0,0,,0,0.0,0
0,0,0,1,0,0,0,0,0,1,0,0,0,0,0,0,0,,0,0.0,0
0,0,0,0,0,0,0,0,0,1,0,0,0,0,0,0,0,,0,0.0,0
0,0,1,1,0,0,0,0,0,0,0,0,0,0,0,0,0,,0,0.0,0
0,0,0,1,0,0,1,0,0,1,0,0,0,0,0,0,0,,0,0.0,0
0,0,1,0,0,0,1,0,0,0,0,0,0,0,0,0,0,,0,0.0,0
0,0,0,0,0,0,0,0,0,1,0,0,0,0,0,0,0,,0,0.0,0
0,0,1,0,0,0,1,0,0,0,0,0,0,0,0,0,0,,0,0.0,0
0,0,0,0,0,0,0,0,0,1,0,0,0,0,0,0,0,,0,0.0,0
0,0,0,1,0,0,0,0,0,0,0,0,0,1,0,0,0,,0,0.0,0
0,0,1,0,0,0,1,0,0,0,0,0,0,0,0,0,0,,0,0.0,0
0,0,0,0,0,0,0,0,0,0,0,1,0,1,0,0,0,,0,0.0,0
0,0,0,0,0,0,0,0,0,0,0,1,0,1,0,0,0,,0,0.0,0
0,0,0,0,0,0,0,0,0,0,0,1,0,1,0,0,0,,0,0.0,0
0,0,0,0,0,0,0,0,0,0,0,1,0,1,0,0,0,,0,0.0,0
0,0,1,0,0,0,0,0,0,0,0,0,0,1,0,0,0,,0,0.0,0
0,0,0,0,0,0,0,0,0,0,0,0,0,1,0,0,1,,0,0.0,0
0,0,0,0,0,0,0,0,0,0,0,1,0,1,0,0,0,,0,0.0,0
0,0,0,0,1,0,0,0,1,0,0,0,0,0,0,0,0,,0,0.0,0
0,0,0,1,0,0,1,0,1,0,1,0,0,0,0,0,0,,0,0.0,0
0,0,0,1,0,0,0,0,0,1,0,0,0,0,0,0,0,,0,0.0,0
0,0,0,0,0,0,0,0,0,1,0,0,0,0,0,0,0,,1,0.0,0
0,0,0,0,0,0,0,0,0,0,0,0,0,1,0,0,0,,0,0.0,0
0,0,0,0,0,0,0,0,0,0,0,0,0,0,1,0,1,,0,0.0,0
0,0,0,0,0,0,0,0,0,0,0,0,0,0,0,0,1,,0,0.0,0
0,1,0,1,0,0,0,0,1,0,0,0,0,0,0,0,0,,0,0.0,0
1,0,0,0,0,0,0,1,0,0,0,0,0,0,0,0,0,,1,0.0,0
0,0,0,0,0,0,0,0,0,1,0,0,0,0,0,0,0,,0,0.0,0
0,0,0,0,0,0,0,0,0,1,0,0,0,0,0,0,0,,0,0.0,0
1,0,0,0,0,0,0,1,0,0,0,0,0,0,1,0,0,,1,0.0,0
0,0,0,1,0,1,0,0,1,0,1,0,0,0,0,0,0,,0,0.0,0
0,0,1,0,0,0,0,0,0,0,0,0,0,1,0,0,0,,0,0.0,0
0,0,0,0,0,0,0,0,0,1,0,0,0,0,1,0,1,,0,0.0,0
0,0,0,1,0,0,1,0,0,0,0,0,0,0,0,0,0,,1,0.0,0
0,0,0,1,0,0,0,0,0,1,0,0,0,0,0,0,0,,1,0.0,0
0,0,0,1,0,0,1,0,0,0,1,0,0,0,0,0,0,,0,0.0,0
0,0,0,1,0,1,1,1,0,0,0,0,0,0,0,0,0,,0,0.0,0
0,0,0,1,0,0,1,0,0,0,0,0,0,0,0,0,1,,1,0.0,0
0,0,0,1,0,0,0,0,0,0,0,0,0,1,0,0,0,,1,0.0,0
0,0,1,0,0,0,0,0,1,0,0,0,0,0,0,0,0,,0,0.0,0
0,0,0,0,1,0,0,0,0,1,0,0,0,0,0,0,0,,0,0.0,0
0,0,0,0,1,0,0,0,0,1,0,0,0,0,0,0,0,,0,0.0,0
0,0,0,0,1,0,1,0,0,0,0,0,0,0,0,0,0,,0,0.0,0
0,0,0,0,1,0,1,0,0,0,0,0,0,0,0,0,0,,0,0.0,0
0,0,0,0,1,0,0,0,0,1,0,0,0,0,0,0,0,,0,0.0,0
0,0,0,0,1,0,0,0,0,1,0,0,0,0,0,0,0,,0,0.0,0
0,0,0,0,1,0,0,0,0,1,0,0,0,0,0,0,0,,0,0.0,0
0,0,0,0,1,0,0,0,0,1,0,0,0,0,0,0,0,,0,0.0,0
0,0,0,0,1,0,0,0,0,1,0,0,0,0,0,0,0,,0,0.0,0
0,0,0,0,1,0,0,0,0,1,0,0,0,0,0,0,0,,0,0.0,0
0,0,0,0,1,0,0,0,0,1,0,0,0,0,0,0,0,,0,0.0,0
0,0,0,0,1,0,0,0,0,1,0,0,0,0,0,0,0,,0,0.0,0
0,0,0,0,1,0,0,0,0,1,0,0,0,0,0,0,0,,0,0.0,0
0,0,0,0,1,0,0,0,0,1,0,0,0,0,0,0,0,,0,0.0,0
0,0,0,1,0,1,0,1,0,0,1,0,0,0,0,0,0,,0,0.0,0
0,0,0,1,0,1,0,1,0,0,1,0,0,0,0,0,0,,0,0.0,0
0,0,0,0,0,1,0,1,0,0,1,0,0,0,0,0,0,,0,0.0,0
0,0,0,1,0,1,0,1,0,0,1,0,0,0,0,0,0,,0,0.0,0
0,0,0,1,0,0,1,1,0,0,1,0,0,0,0,0,1,,0,0.0,0
0,0,1,1,0,0,0,0,1,0,1,0,0,0,0,0,0,,0,0.0,0
0,0,0,0,0,0,0,0,0,0,0,0,0,1,0,0,1,,0,0.0,0
0,0,0,0,1,0,0,0,0,1,0,0,0,0,1,0,0,,0,0.0,0
0,1,0,1,0,0,0,1,0,0,0,0,0,0,0,0,0,,0,0.0,0
0,0,0,1,0,0,0,0,1,0,0,0,0,0,0,0,0,,0,0.0,0
1,0,0,1,0,0,0,1,0,0,0,0,0,0,1,0,0,,0,0.0,0
1,0,0,0,0,0,0,1,0,0,0,0,0,0,0,0,0,,1,0.0,0
0,0,0,0,0,0,0,0,0,0,0,0,1,1,0,0,0,,0,0.0,0
0,0,0,1,0,0,0,1,0,0,0,0,1,0,0,0,0,,0,0.0,0
0,0,0,1,0,0,0,0,0,0,1,0,0,0,0,0,1,,0,0.0,0
0,0,0,0,0,0,0,0,0,1,0,0,0,0,1,0,1,,0,0.0,0
0,0,0,1,0,0,0,0,1,0,1,0,0,0,0,0,0,,0,0.0,0
1,0,0,1,0,0,0,1,0,0,0,0,0,0,0,0,0,,0,0.0,0
0,0,0,1,0,0,1,0,0,0,1,0,0,0,0,0,0,,0,0.0,0
0,0,0,1,0,0,0,0,1,1,0,0,0,0,1,0,0,,0,0.0,0
0,0,0,1,0,0,0,1,0,0,1,0,0,0,0,0,0,,0,0.0,0
0,0,1,1,0,0,1,1,1,0,1,0,0,0,1,0,0,,0,0.0,0
0,0,0,1,0,0,0,0,0,0,1,0,0,0,1,0,1,,1,0.0,0
0,0,0,0,0,1,1,1,0,0,1,0,0,0,0,0,0,,1,0.0,0
0,0,0,1,0,1,1,1,0,0,1,0,0,0,0,0,0,,0,0.0,0
0,0,0,1,0,1,0,1,0,0,0,0,0,0,0,0,0,,0,0.0,0
0,0,0,0,0,1,0,1,0,0,0,0,0,0,0,0,0,,0,0.0,0
0,0,0,0,0,0,1,0,0,0,0,1,0,0,0,0,0,,0,0.0,0
0,0,0,0,0,0,0,0,0,0,0,1,0,1,0,0,0,,0,0.0,0
0,0,1,0,0,0,0,0,1,0,0,0,0,0,0,0,0,,0,0.0,0
0,0,1,0,0,0,0,0,1,0,0,0,0,0,0,0,0,,0,0.0,0
0,0,1,0,0,0,0,0,1,0,0,0,0,0,0,0,0,,0,0.0,0
0,0,0,0,0,1,0,1,0,0,0,0,0,0,0,0,0,,0,0.0,0
0,0,0,0,0,1,0,1,0,0,0,0,0,0,0,0,0,,0,,0
0,0,0,1,0,1,0,1,0,0,0,0,0,0,0,0,0,,0,,0
0,0,0,0,0,1,0,1,0,0,0,0,0,0,0,0,0,,0,,0
0,0,0,0,0,0,0,0,0,0,0,1,0,1,0,0,0,,0,,0
0,0,0,0,0,1,1,0,0,0,1,0,0,0,0,0,0,,0,,0
0,0,0,0,0,0,0,0,0,1,0,1,0,0,0,0,0,,0,,0
0,0,0,0,0,1,0,0,0,0,0,0,0,0,0,0,0,,0,,0
0,0,0,0,0,1,0,0,0,0,0,0,0,1,0,0,0,,0,,0
1,0,0,0,0,1,0,1,0,0,0,0,0,0,0,0,0,,0,,0
1,0,0,0,0,1,0,1,0,0,0,0,0,0,0,0,0,,0,,0
0,0,0,0,0,0,0,0,0,0,0,1,0,1,1,0,0,,0,,0
0,0,0,1,0,0,1,0,0,0,1,0,0,0,1,0,0,,0,,0
0,0,1,1,0,0,1,0,0,0,1,0,0,0,0,0,0,,0,,0
0,0,0,0,1,0,0,0,0,1,0,0,0,0,1,0,0,,0,,0
0,1,0,1,0,0,1,0,1,0,1,0,0,0,0,0,0,,0,,0
0,0,0,0,0,0,0,0,0,1,0,0,0,0,0,0,0,,0,,0
0,0,0,0,0,0,0,0,0,0,0,1,0,1,0,0,0,,0,,0
0,0,0,1,0,0,0,0,0,1,1,0,0,0,1,0,0,,0,,0
0,0,0,0,0,0,0,0,0,1,0,0,0,0,0,0,1,,0,,0
0,0,0,1,0,0,0,1,0,0,0,0,0,0,0,0,0,,0,,0
0,0,0,1,0,0,0,1,0,0,0,0,0,0,0,0,0,,0,,0
0,0,0,0,0,0,0,0,0,0,0,0,0,1,0,0,1,,0,,0
0,0,0,0,0,0,0,0,0,1,0,0,0,0,0,0,1,,0,,0
0,0,0,1,0,0,1,0,0,0,0,0,0,0,0,0,1,,0,,0
0,0,0,0,0,0,0,0,0,1,0,0,0,0,0,0,0,,0,,0
0,0,0,1,0,0,0,0,0,1,0,0,0,0,0,0,0,,0,,0
0,0,1,0,0,0,0,0,0,1,0,0,0,0,0,0,0,,0,,0
0,0,0,0,0,0,1,0,0,0,1,0,0,0,0,0,0,,1,,0
0,0,1,1,0,0,1,0,1,0,0,0,0,0,0,0,0,,0,,0
0,0,0,1,0,0,0,0,0,1,0,0,0,0,1,0,0,,0,,0
0,0,0,1,0,0,0,0,0,0,0,0,0,1,0,0,1,,0,,0
0,0,0,0,0,0,0,1,0,0,0,0,0,0,0,0,1,,1,,0
0,0,0,1,0,0,0,0,1,0,1,0,0,0,1,0,0,,0,,0
0,0,0,1,0,0,0,1,0,0,1,0,0,0,0,0,0,,0,,0
0,0,0,0,0,0,0,0,0,0,0,0,0,1,0,0,1,,0,,0
0,0,0,0,0,0,0,0,0,1,0,0,0,0,0,0,0,,1,,0
0,0,0,0,0,0,0,0,0,0,0,0,0,0,1,0,0,,1,,0
0,0,0,0,0,0,0,0,0,1,0,0,0,0,0,0,0,,0,,0
