card_id,ignore_standard,minimalist,whimsical,maximalist,traditional_watercolor,crisp_digital_portrait,cinematic,handcrafted_diorama,comic_manga_ink,surreal_abstract,urban_pop_art
me2pt5-1,0,0,0,0,0,0,0,0,0,0,0
me2pt5-10,0,0,0,0,0,0,0,0,0,0,0
me2pt5-100,0,0,0,0,0,0,0,0,0,0,0
me2pt5-101,0,0,0,0,0,0,0,0,0,0,0
me2pt5-102,0,0,0,0,0,0,0,0,0,0,0
me2pt5-103,0,0,0,0,0,0,0,0,0,0,0
me2pt5-104,0,0,0,0,0,0,0,0,0,0,0
me2pt5-105,0,0,0,0,0,0,0,0,0,0,0
me2pt5-106,0,0,0,0,0,0,0,0,0,0,0
me2pt5-107,0,0,0,0,0,0,0,0,0,0,0
me2pt5-108,0,0,0,0,0,0,0,0,0,0,0
me2pt5-109,0,0,0,0,0,0,0,0,0,0,0
me2pt5-11,0,0,0,0,0,0,0,0,0,0,0
me2pt5-110,0,0,0,0,0,0,0,0,0,0,0
me2pt5-111,0,0,0,0,0,0,0,0,0,0,0
me2pt5-112,0,0,0,0,0,0,0,0,0,0,0
me2pt5-113,0,0,0,0,0,0,0,0,0,0,0
me2pt5-114,0,0,0,0,0,0,0,0,0,0,0
me2pt5-115,0,0,0,0,0,0,0,0,0,0,0
me2pt5-116,0,0,0,0,0,0,0,0,0,0,0
me2pt5-117,0,0,0,0,0,0,0,0,0,0,0
me2pt5-118,0,0,0,0,0,0,0,0,0,0,0
me2pt5-119,0,0,0,0,0,0,0,0,0,0,0
me2pt5-12,0,0,0,0,0,0,0,0,0,0,0
me2pt5-120,0,0,0,0,0,0,0,0,0,0,0
me2pt5-121,0,0,0,0,0,0,0,0,0,0,0
me2pt5-122,0,0,0,0,0,0,0,0,0,0,0
me2pt5-123,0,0,0,0,0,0,0,0,0,0,0
me2pt5-124,0,0,0,0,0,0,0,0,0,0,0
me2pt5-125,0,0,0,0,0,0,0,0,0,0,0
me2pt5-126,0,0,0,0,0,0,0,0,0,0,0
me2pt5-127,0,0,0,0,0,0,0,0,0,0,0
me2pt5-128,0,0,0,0,0,0,0,0,0,0,0
me2pt5-129,0,0,0,0,0,0,0,0,0,0,0
me2pt5-13,0,0,0,0,0,0,0,0,0,0,0
me2pt5-130,0,0,0,0,0,0,0,0,0,0,1
me2pt5-131,0,0,0,0,0,0,0,0,0,0,0
me2pt5-132,0,0,0,0,0,0,0,0,0,0,0
me2pt5-133,0,0,0,0,0,0,0,0,0,0,0
me2pt5-134,0,0,0,0,0,0,0,0,0,0,0
me2pt5-135,0,0,0,0,0,1,0,0,0,0,0
me2pt5-136,0,0,0,0,0,0,0,0,0,0,0
me2pt5-137,0,0,0,0,0,0,0,0,0,0,0
me2pt5-138,0,0,0,0,0,0,0,0,0,0,0
me2pt5-139,0,0,0,0,0,0,0,0,0,0,0
me2pt5-14,0,0,0,0,0,0,0,0,0,0,0
me2pt5-140,0,0,0,0,0,0,1,0,0,0,0
me2pt5-141,0,0,0,0,0,0,0,0,0,1,0
me2pt5-142,0,0,0,0,0,0,0,0,0,0,0
me2pt5-143,0,0,0,0,0,0,0,0,0,0,0
me2pt5-144,0,0,0,0,0,0,0,0,0,0,0
me2pt5-145,0,0,0,0,0,0,0,0,0,0,0
me2pt5-146,0,0,0,0,0,0,0,0,0,0,0
me2pt5-147,0,0,0,0,0,0,0,0,0,0,0
me2pt5-148,0,0,0,0,0,0,0,0,0,0,0
me2pt5-149,0,0,0,0,0,0,0,0,0,0,0
me2pt5-15,0,0,0,0,0,0,0,0,0,0,0
me2pt5-150,0,1,0,0,0,0,0,0,0,0,0
me2pt5-151,0,0,0,0,0,0,0,0,0,0,0
me2pt5-152,0,0,0,0,0,1,0,0,0,0,0
me2pt5-153,0,0,0,0,0,0,1,0,0,0,0
me2pt5-154,0,0,0,0,0,0,0,0,0,0,0
me2pt5-155,0,0,0,0,0,0,1,0,0,0,0
me2pt5-156,0,0,0,0,0,0,0,0,0,0,0
me2pt5-157,0,0,0,0,0,0,1,0,0,0,0
me2pt5-158,0,0,0,0,0,0,0,0,0,0,0
me2pt5-159,0,0,0,0,0,0,0,0,0,0,0
me2pt5-16,0,0,0,1,0,0,0,0,0,0,0
me2pt5-160,0,0,0,0,0,0,0,0,0,0,0
me2pt5-161,0,0,0,0,0,0,0,0,0,0,0
me2pt5-162,0,0,0,0,0,0,0,0,0,0,0
me2pt5-163,0,0,0,0,0,0,0,0,0,0,0
me2pt5-164,0,0,0,0,0,0,0,0,0,0,0
me2pt5-165,0,0,1,0,0,0,0,0,0,0,0
me2pt5-166,0,0,0,0,0,0,0,0,0,0,0
me2pt5-167,0,0,0,0,0,0,0,0,0,0,0
me2pt5-168,0,0,0,0,0,0,0,0,0,0,0
me2pt5-169,0,0,0,0,0,0,0,0,0,0,0
me2pt5-17,0,0,0,0,0,0,0,0,0,0,0
me2pt5-170,0,0,0,0,0,0,0,0,0,0,0
me2pt5-171,0,0,0,0,0,0,0,0,0,0,0
me2pt5-172,0,0,0,0,0,0,0,0,0,0,0
me2pt5-173,0,0,0,0,0,0,0,0,0,0,0
me2pt5-174,0,0,0,0,0,0,0,0,0,0,0
me2pt5-175,0,0,1,0,0,0,0,0,0,0,0
me2pt5-176,0,0,0,0,0,0,0,0,0,0,0
me2pt5-177,0,0,0,0,0,0,0,0,0,0,0
me2pt5-178,0,0,0,1,0,0,0,0,0,0,0
me2pt5-179,0,0,0,1,0,1,0,0,0,0,0
me2pt5-18,0,0,0,0,0,0,0,0,0,0,0
me2pt5-180,0,0,0,0,0,0,0,0,0,0,0
me2pt5-181,0,0,0,0,0,0,0,0,0,0,0
me2pt5-182,1,0,0,0,0,0,0,0,0,0,0
me2pt5-183,1,0,0,0,0,0,0,0,0,0,0
me2pt5-184,1,0,0,0,0,0,0,0,0,0,0
me2pt5-185,0,0,0,0,0,0,0,0,0,0,0
me2pt5-186,1,0,0,0,0,0,0,0,0,0,0
me2pt5-187,0,0,0,0,0,0,0,0,0,0,0
me2pt5-188,0,0,0,0,0,0,0,0,0,0,0
me2pt5-189,1,0,0,0,0,0,0,0,0,0,0
me2pt5-19,0,0,0,0,0,0,0,0,0,0,0
me2pt5-190,0,0,0,0,0,0,0,0,0,0,0
me2pt5-191,0,0,0,0,0,0,0,0,0,0,0
me2pt5-192,1,0,0,0,0,0,0,0,0,0,0
me2pt5-193,0,0,0,0,0,0,0,0,0,0,0
me2pt5-194,0,0,0,0,0,0,0,0,0,0,0
me2pt5-195,0,0,0,0,0,0,0,0,0,0,0
me2pt5-196,0,0,0,0,0,0,0,0,0,0,0
me2pt5-197,1,0,0,0,0,0,0,0,0,0,0
me2pt5-198,0,0,0,0,0,0,0,0,0,0,0
me2pt5-199,0,0,0,0,0,0,0,0,0,0,0
me2pt5-2,0,0,0,0,0,0,0,0,0,0,0
me2pt5-20,0,0,0,0,0,0,0,0,0,0,0
me2pt5-200,0,0,0,0,0,0,0,0,0,0,0
me2pt5-201,0,0,0,0,0,0,0,0,0,0,0
me2pt5-202,1,0,0,0,0,0,0,0,0,0,0
me2pt5-203,0,0,0,0,0,0,0,0,0,0,0
me2pt5-204,0,0,0,0,0,0,0,0,0,0,0
me2pt5-205,0,0,0,0,0,0,0,0,0,0,0
me2pt5-206,0,0,0,0,0,0,0,0,0,0,0
me2pt5-207,0,0,0,0,0,0,0,0,0,0,0
me2pt5-208,0,0,0,0,0,0,0,0,0,0,0
me2pt5-209,0,0,0,0,0,0,0,0,0,0,0
me2pt5-21,0,0,0,0,0,0,0,0,0,0,0
me2pt5-210,0,0,0,0,0,0,0,0,0,0,0
me2pt5-211,0,0,0,0,0,0,0,0,0,0,0
me2pt5-212,0,0,0,0,0,0,0,0,0,0,0
me2pt5-213,0,0,0,0,0,0,0,0,0,0,0
me2pt5-214,0,0,0,0,0,0,0,0,0,0,0
me2pt5-215,0,0,0,0,0,0,0,0,0,0,0
me2pt5-216,0,0,0,0,0,0,0,0,0,0,0
me2pt5-217,0,0,0,0,0,0,0,0,0,0,0
me2pt5-218,0,0,0,1,1,0,0,0,0,0,0
me2pt5-219,0,0,0,0,0,0,0,0,0,0,0
me2pt5-22,0,0,0,0,0,1,0,0,0,0,0
me2pt5-220,0,0,0,0,0,0,0,0,0,0,0
me2pt5-221,0,0,1,0,0,0,0,0,0,0,0
me2pt5-222,0,0,0,0,0,0,0,0,1,0,0
me2pt5-223,0,0,0,0,0,0,0,0,0,0,1
me2pt5-224,0,0,0,0,0,0,0,0,0,0,0
me2pt5-225,0,0,1,0,0,0,0,0,0,0,0
me2pt5-226,0,0,1,0,0,0,0,1,0,0,0
me2pt5-227,0,0,0,0,0,0,0,0,0,0,0
me2pt5-228,0,0,0,0,0,0,0,0,0,0,0
me2pt5-229,0,0,0,0,0,0,0,0,0,0,0
me2pt5-23,0,0,0,0,0,0,0,0,0,0,0
me2pt5-230,0,0,0,0,0,1,0,0,0,0,0
me2pt5-231,0,0,1,1,0,0,0,0,1,0,0
me2pt5-232,0,0,1,0,0,0,0,0,0,0,0
me2pt5-233,0,0,0,0,0,0,0,0,0,0,0
me2pt5-234,0,0,0,1,0,0,0,0,0,1,0
me2pt5-235,0,1,1,0,0,0,0,0,0,0,0
me2pt5-236,0,0,1,0,0,0,0,0,0,0,0
me2pt5-237,0,0,0,0,0,0,0,0,0,0,0
me2pt5-238,0,0,0,0,0,0,0,0,0,0,0
me2pt5-239,0,0,0,0,1,0,0,0,0,0,0
me2pt5-24,0,0,0,0,0,0,0,0,0,0,0
me2pt5-240,0,0,0,0,0,0,0,0,0,0,1
me2pt5-241,0,0,0,0,0,0,0,0,0,1,0
me2pt5-242,0,0,0,0,0,0,0,0,0,0,0
me2pt5-243,0,0,0,0,0,0,0,0,0,0,0
me2pt5-244,0,0,0,0,0,0,0,0,0,0,0
me2pt5-245,0,0,0,0,0,0,0,0,0,0,0
me2pt5-246,0,0,0,0,1,0,0,0,0,1,0
me2pt5-247,0,1,1,0,0,0,0,0,0,0,0
me2pt5-248,0,1,1,0,0,0,0,0,0,0,0
me2pt5-249,0,0,0,0,0,0,0,0,0,0,0
me2pt5-25,0,0,0,0,0,0,0,0,0,0,0
me2pt5-250,0,0,1,0,0,0,0,0,0,0,0
me2pt5-26,0,0,0,0,0,0,0,0,0,0,0
me2pt5-27,0,0,1,0,0,0,0,0,0,0,0
me2pt5-28,0,0,0,0,0,0,0,0,0,0,0
me2pt5-29,0,0,0,0,0,0,0,0,0,0,0
me2pt5-3,0,0,0,0,0,1,0,0,0,0,0
me2pt5-30,0,0,0,0,0,0,0,0,0,0,0
me2pt5-31,0,0,0,0,0,0,0,0,0,0,0
me2pt5-32,0,0,0,0,0,0,0,0,0,0,0
me2pt5-33,0,0,0,0,0,0,0,0,0,0,0
me2pt5-34,0,0,0,0,0,0,0,0,0,0,0
me2pt5-35,0,0,0,0,0,0,0,0,0,0,0
me2pt5-36,0,0,0,0,0,0,0,0,0,0,0
me2pt5-37,0,0,0,0,0,0,0,0,0,0,0
me2pt5-38,0,0,0,0,0,0,0,0,0,0,0
me2pt5-39,0,0,0,0,0,0,0,0,0,0,0
me2pt5-4,0,0,0,0,0,0,0,0,0,0,0
me2pt5-40,0,0,0,0,0,0,0,0,0,0,0
me2pt5-41,0,0,0,0,0,0,0,0,0,0,0
me2pt5-42,0,0,0,0,0,0,0,0,0,0,0
me2pt5-43,0,0,0,0,0,0,0,0,0,0,0
me2pt5-44,0,0,0,0,0,0,0,0,0,0,0
me2pt5-45,0,0,0,0,0,0,0,0,0,0,0
me2pt5-46,0,0,0,0,0,0,0,0,0,0,0
me2pt5-47,0,0,0,0,0,0,0,0,0,0,0
me2pt5-48,0,0,0,0,0,0,0,0,0,0,0
me2pt5-49,0,0,0,0,0,0,0,0,0,0,0
me2pt5-5,0,0,0,0,0,0,0,0,0,0,0
me2pt5-50,0,0,0,0,0,0,0,0,0,0,0
me2pt5-51,0,0,0,0,0,0,0,0,0,0,0
me2pt5-52,0,0,0,0,0,0,0,0,0,0,0
me2pt5-53,0,0,0,0,0,0,0,0,0,0,0
me2pt5-54,0,0,0,0,0,0,0,0,0,0,0
me2pt5-55,0,0,0,0,0,0,0,0,0,0,0
me2pt5-56,0,0,0,0,0,0,0,0,0,0,0
me2pt5-57,0,0,0,0,0,1,0,0,0,0,0
me2pt5-58,0,0,0,0,0,0,0,0,0,0,0
me2pt5-59,0,0,0,0,0,0,0,0,0,0,0
me2pt5-6,0,0,0,0,0,0,0,0,0,0,0
me2pt5-60,0,0,0,0,0,0,0,0,0,0,0
me2pt5-61,0,0,0,0,0,0,0,0,0,0,0
me2pt5-62,0,0,0,0,0,0,0,1,0,0,0
me2pt5-63,0,0,0,0,0,0,0,0,0,0,0
me2pt5-64,0,0,0,0,0,0,0,0,0,0,0
me2pt5-65,0,0,0,0,0,0,0,0,0,0,0
me2pt5-66,0,0,0,0,0,0,0,0,0,0,0
me2pt5-67,0,0,0,0,0,0,0,0,0,0,0
me2pt5-68,0,0,0,0,0,0,0,0,0,0,0
me2pt5-69,0,0,0,0,0,0,0,0,0,0,0
me2pt5-7,0,0,0,0,0,0,0,0,0,0,0
me2pt5-70,0,0,0,0,0,0,0,0,0,0,0
me2pt5-71,0,0,0,0,0,0,0,0,0,0,0
me2pt5-72,0,0,0,0,0,0,0,0,0,0,0
me2pt5-73,0,0,0,0,0,0,0,0,0,0,0
me2pt5-74,0,0,0,0,0,0,0,0,0,0,0
me2pt5-75,0,0,0,0,0,0,0,0,0,0,0
me2pt5-76,0,0,0,0,0,0,0,0,0,0,0
me2pt5-77,0,0,0,0,0,0,0,0,0,0,0
me2pt5-78,0,0,0,0,0,0,0,0,0,0,0
me2pt5-79,0,0,0,0,0,0,0,0,0,0,0
me2pt5-8,0,0,0,0,0,0,0,0,0,0,0
me2pt5-80,0,0,0,0,0,0,0,0,0,0,0
me2pt5-81,0,0,0,0,0,0,0,0,0,0,0
me2pt5-82,0,0,0,0,0,0,0,0,0,0,0
me2pt5-83,0,0,0,0,0,0,0,0,0,0,0
me2pt5-84,0,0,0,0,0,0,0,0,0,0,0
me2pt5-85,0,0,0,0,0,0,0,0,0,0,0
me2pt5-86,0,0,0,0,0,0,0,0,0,0,0
me2pt5-87,0,0,0,0,0,0,0,0,0,0,0
me2pt5-88,0,0,0,0,0,0,0,0,0,0,0
me2pt5-89,0,0,0,0,0,0,0,0,0,0,0
me2pt5-9,0,0,0,0,0,0,0,0,0,0,0
me2pt5-90,0,0,0,0,0,0,0,0,0,0,0
me2pt5-91,0,0,0,0,0,0,0,0,0,0,0
me2pt5-92,0,0,0,0,0,0,0,0,0,0,0
me2pt5-93,0,0,1,0,0,0,0,0,0,0,1
me2pt5-94,0,0,0,0,0,0,0,0,0,0,0
me2pt5-95,0,0,0,0,0,0,0,0,0,0,0
me2pt5-96,0,0,0,0,0,0,0,0,0,0,0
me2pt5-97,0,0,0,0,0,0,0,0,0,0,0
me2pt5-98,0,0,0,0,0,0,0,0,0,0,0
me2pt5-99,0,0,0,0,0,0,0,0,0,0,0
sv3pt5-1,0,0,0,0,0,0,0,0,0,0,0
sv3pt5-10,0,0,0,0,0,0,0,0,0,0,0
sv3pt5-100,0,0,0,0,0,0,1,0,0,0,0
sv3pt5-101,0,0,0,0,0,0,0,0,0,0,0
sv3pt5-102,0,0,0,0,0,0,0,0,0,0,1
sv3pt5-103,0,0,0,0,0,0,0,0,0,0,1
sv3pt5-104,0,0,0,0,0,0,0,0,0,0,0
sv3pt5-105,1,0,0,0,0,0,0,0,0,0,0
sv3pt5-106,0,0,0,0,0,1,0,0,0,0,0
sv3pt5-107,0,0,0,0,0,0,0,0,1,0,0
sv3pt5-108,0,0,0,0,0,0,0,0,0,0,1
sv3pt5-109,0,0,1,0,0,0,0,0,0,0,0
sv3pt5-11,0,0,0,0,0,0,0,0,0,0,0
sv3pt5-110,0,0,0,0,0,0,0,0,0,0,0
sv3pt5-111,0,0,0,0,0,0,0,0,0,0,0
sv3pt5-112,0,0,0,0,0,0,0,0,0,0,0
sv3pt5-113,0,0,1,0,0,0,0,0,0,0,0
sv3pt5-114,0,0,1,0,1,0,0,0,0,0,0
sv3pt5-115,0,0,0,0,0,1,0,0,0,0,0
sv3pt5-116,0,0,0,0,0,0,0,0,0,0,0
sv3pt5-117,0,0,0,0,0,0,0,0,0,0,0
sv3pt5-118,0,0,0,0,0,0,0,0,0,0,0
sv3pt5-119,0,0,0,0,0,0,0,0,0,0,0
sv3pt5-12,0,0,0,0,0,0,0,0,0,0,0
sv3pt5-120,0,0,0,0,0,0,0,0,0,0,1
sv3pt5-121,0,0,0,0,0,0,0,0,0,0,1
sv3pt5-122,0,0,0,0,0,0,0,0,0,0,1
sv3pt5-123,0,0,0,0,0,0,0,0,0,0,0
sv3pt5-124,0,0,0,0,0,1,0,0,0,0,0
sv3pt5-125,0,0,0,0,0,1,0,0,0,0,0
sv3pt5-126,0,0,0,0,0,0,0,0,0,0,1
sv3pt5-127,0,0,0,0,0,0,0,0,0,0,0
sv3pt5-128,0,0,0,0,0,0,0,0,0,0,0
sv3pt5-129,0,0,0,0,0,0,0,0,0,0,0
sv3pt5-13,0,0,0,0,0,0,0,0,0,0,0
sv3pt5-130,0,0,0,0,0,0,0,0,0,0,0
sv3pt5-131,0,0,0,0,0,0,0,0,0,0,0
sv3pt5-132,0,0,1,0,0,0,0,0,0,0,0
sv3pt5-133,0,0,0,0,0,0,0,0,0,0,0
sv3pt5-134,0,0,0,0,0,0,0,0,0,0,0
sv3pt5-135,0,0,0,0,0,0,1,0,0,0,0
sv3pt5-136,0,0,0,0,0,1,1,0,0,0,0
sv3pt5-137,0,0,0,0,0,0,0,1,0,0,0
sv3pt5-138,0,1,0,0,0,0,0,0,0,0,0
sv3pt5-139,0,0,0,0,0,0,0,0,0,0,0
sv3pt5-14,0,0,0,0,0,0,0,0,0,0,0
sv3pt5-140,0,0,0,0,0,1,0,0,0,0,0
sv3pt5-141,0,0,0,0,0,1,0,0,0,0,0
sv3pt5-142,0,0,0,0,0,0,0,0,0,1,0
sv3pt5-143,0,0,1,0,0,0,0,0,0,0,0
sv3pt5-144,0,0,0,0,0,0,0,0,0,0,0
sv3pt5-145,0,0,0,0,0,1,0,0,0,0,0
sv3pt5-146,0,0,0,0,0,0,0,0,0,0,0
sv3pt5-147,0,0,0,0,0,1,0,0,0,0,0
sv3pt5-148,0,0,0,0,0,0,0,0,0,0,0
sv3pt5-149,0,0,0,0,0,0,0,0,0,0,0
sv3pt5-15,0,0,0,0,0,0,0,0,0,0,0
sv3pt5-150,0,0,0,0,1,0,1,0,0,0,0
sv3pt5-151,0,0,0,0,0,1,0,0,0,0,0
sv3pt5-152,1,0,0,0,0,0,0,0,0,0,0
sv3pt5-153,1,0,0,0,0,0,0,0,0,0,0
sv3pt5-154,1,0,0,0,0,0,0,0,0,0,0
sv3pt5-155,1,0,0,0,0,0,0,0,0,0,0
sv3pt5-156,0,0,0,0,0,0,0,0,0,0,0
sv3pt5-157,0,0,0,0,0,0,0,0,0,0,0
sv3pt5-158,1,0,0,0,0,0,0,0,0,0,0
sv3pt5-159,1,0,0,0,0,0,0,0,0,0,0
sv3pt5-16,0,0,0,0,0,0,0,0,0,0,0
sv3pt5-160,1,0,0,0,0,0,0,0,0,0,0
sv3pt5-161,1,0,0,0,0,0,0,0,0,0,0
sv3pt5-162,1,0,0,0,0,0,0,0,0,0,0
sv3pt5-163,1,0,0,0,0,0,0,0,0,0,0
sv3pt5-164,1,0,0,0,0,0,0,0,0,0,0
sv3pt5-165,1,0,0,0,0,0,0,0,0,0,0
sv3pt5-166,0,0,1,0,0,0,0,0,0,0,0
sv3pt5-167,0,0,1,1,0,0,0,0,0,0,0
sv3pt5-168,0,1,0,0,0,0,0,0,0,0,0
sv3pt5-169,0,1,0,0,0,0,0,0,0,0,0
sv3pt5-17,0,0,0,0,0,0,0,0,0,0,0
sv3pt5-170,0,1,1,0,0,0,0,0,0,0,0
sv3pt5-171,0,1,0,0,0,0,0,0,0,0,0
sv3pt5-172,0,0,1,0,0,0,0,1,0,0,0
sv3pt5-173,0,0,1,0,0,0,0,0,0,0,0
sv3pt5-174,0,0,0,0,0,1,0,0,0,0,0
sv3pt5-175,0,1,1,0,0,0,0,0,0,0,0
sv3pt5-176,0,0,1,0,1,0,0,0,0,0,0
sv3pt5-177,0,0,1,0,0,0,0,0,0,0,0
sv3pt5-178,0,0,1,0,0,0,0,0,0,0,0
sv3pt5-179,0,1,0,0,0,0,0,0,0,0,0
sv3pt5-18,1,0,0,0,0,0,0,0,0,0,0
sv3pt5-180,0,0,0,0,0,0,0,0,0,0,0
sv3pt5-181,0,0,0,0,0,0,1,0,0,0,0
sv3pt5-182,0,0,0,0,0,1,0,0,0,0,0
sv3pt5-183,0,0,0,0,0,1,0,0,0,0,0
sv3pt5-184,0,0,0,0,0,1,0,0,0,0,0
sv3pt5-185,0,0,0,0,0,1,0,0,0,0,0
sv3pt5-186,0,0,0,0,0,1,0,0,0,0,0
sv3pt5-187,0,0,0,0,0,1,0,0,0,0,0
sv3pt5-188,0,0,0,0,0,1,0,0,0,0,0
sv3pt5-189,0,0,0,0,0,1,0,0,0,0,0
sv3pt5-19,0,0,0,0,0,0,0,0,0,0,0
sv3pt5-190,0,0,0,0,0,1,0,0,0,0,0
sv3pt5-191,0,0,0,0,0,1,0,0,0,0,0
sv3pt5-192,0,0,0,0,0,1,0,0,0,0,0
sv3pt5-193,0,0,0,0,0,1,0,0,0,0,0
sv3pt5-194,1,0,0,0,0,0,0,0,0,0,0
sv3pt5-195,1,0,0,0,0,0,0,0,0,0,0
sv3pt5-196,1,0,0,0,0,0,0,0,0,0,0
sv3pt5-197,1,0,0,0,0,0,0,0,0,0,0
sv3pt5-198,0,0,0,1,0,0,0,0,0,0,0
sv3pt5-199,0,1,1,0,0,0,0,0,0,0,0
sv3pt5-2,1,0,0,0,0,0,0,0,0,0,0
sv3pt5-20,0,0,0,0,0,0,0,0,0,0,0
sv3pt5-200,0,1,0,0,0,0,0,0,0,0,0
sv3pt5-201,0,0,1,1,0,0,0,0,0,0,0
sv3pt5-202,0,0,0,0,0,0,1,0,0,0,0
sv3pt5-203,0,0,0,0,0,0,0,0,0,0,0
sv3pt5-204,0,0,0,0,0,0,0,0,0,0,0
sv3pt5-205,0,0,0,0,0,1,0,0,0,0,0
sv3pt5-206,1,0,0,0,0,0,0,0,0,0,0
sv3pt5-207,0,0,0,0,0,0,0,0,0,0,0
sv3pt5-21,0,0,0,0,0,0,0,0,0,0,0
sv3pt5-22,0,0,0,0,0,0,0,0,0,0,0
sv3pt5-23,0,0,0,0,0,0,0,0,0,0,0
sv3pt5-24,0,0,0,0,0,1,0,0,0,0,0
sv3pt5-25,0,0,0,0,0,0,0,0,0,0,0
sv3pt5-26,0,0,0,0,0,0,0,0,0,0,0
sv3pt5-27,0,0,0,0,0,0,0,0,0,0,0
sv3pt5-28,0,0,0,0,0,0,0,0,0,0,0
sv3pt5-29,0,0,0,0,0,0,0,0,0,0,0
sv3pt5-3,0,0,0,0,0,1,0,0,0,0,0
sv3pt5-30,0,0,0,0,0,0,0,0,0,0,0
sv3pt5-31,0,0,0,0,0,0,0,0,0,0,0
sv3pt5-32,0,0,0,0,0,0,0,0,0,0,0
sv3pt5-33,0,0,0,0,0,0,0,0,0,0,0
sv3pt5-34,0,0,0,0,0,0,0,0,0,0,0
sv3pt5-35,0,0,0,0,0,0,0,0,0,0,0
sv3pt5-36,0,0,0,0,0,0,0,0,0,0,0
sv3pt5-37,0,0,0,0,0,0,0,0,0,0,0
sv3pt5-38,0,0,0,0,1,1,0,0,0,0,0
sv3pt5-39,0,0,0,0,0,0,0,0,0,0,0
sv3pt5-4,1,0,0,0,0,0,0,0,0,0,0
sv3pt5-40,0,0,0,0,0,1,0,0,0,0,0
sv3pt5-41,0,0,0,0,0,0,0,0,0,0,0
sv3pt5-42,0,0,0,0,0,0,0,0,0,0,0
sv3pt5-43,0,0,0,0,0,0,0,0,0,0,0
sv3pt5-44,0,0,0,0,0,0,0,0,0,0,0
sv3pt5-45,0,0,0,0,0,0,0,0,0,0,0
sv3pt5-46,0,0,0,0,0,0,0,0,0,0,0
sv3pt5-47,0,0,0,0,0,0,0,0,0,0,0
sv3pt5-48,0,0,0,0,0,0,0,0,0,0,0
sv3pt5-49,0,0,0,0,0,0,0,0,0,0,0
sv3pt5-5,0,0,0,0,0,0,0,0,0,0,0
sv3pt5-50,0,0,0,0,0,0,0,0,0,0,0
sv3pt5-51,0,0,0,0,0,0,0,0,0,0,0
sv3pt5-52,0,0,0,0,0,0,0,0,0,0,0
sv3pt5-53,1,0,0,0,0,0,0,0,0,0,0
sv3pt5-54,0,0,0,0,0,0,0,0,0,0,0
sv3pt5-55,0,0,0,0,0,0,0,0,0,0,0
sv3pt5-56,0,0,0,0,0,0,0,0,0,0,0
sv3pt5-57,0,0,0,0,0,0,0,0,0,0,0
sv3pt5-58,0,0,0,0,0,1,0,0,0,0,0
sv3pt5-59,0,0,0,0,0,0,0,0,0,0,0
sv3pt5-6,0,0,0,0,0,1,0,0,0,0,0
sv3pt5-60,0,0,0,0,0,0,0,0,0,0,0
sv3pt5-61,0,0,0,0,0,0,0,0,0,0,0
sv3pt5-62,0,0,0,0,0,0,0,0,0,0,0
sv3pt5-63,0,0,0,0,0,0,0,1,0,0,0
sv3pt5-64,0,0,0,0,0,0,0,0,0,0,0
sv3pt5-65,0,0,0,0,0,1,0,0,0,0,0
sv3pt5-66,0,0,0,0,0,1,0,0,0,0,0
sv3pt5-67,0,0,0,0,0,1,0,0,0,0,0
sv3pt5-68,0,0,0,0,0,1,0,0,0,0,0
sv3pt5-69,0,0,0,0,0,0,0,0,0,0,0
sv3pt5-7,1,0,0,0,0,0,0,0,0,0,0
sv3pt5-70,1,0,0,0,0,0,0,0,0,0,0
sv3pt5-71,0,0,0,0,0,0,0,0,0,0,0
sv3pt5-72,0,0,0,0,0,0,0,0,0,0,0
sv3pt5-73,0,0,0,0,0,0,0,0,0,0,0
sv3pt5-74,1,0,0,0,0,0,0,0,0,0,0
sv3pt5-75,1,0,0,0,0,0,0,0,0,0,0
sv3pt5-76,0,0,0,0,0,1,0,0,0,0,0
sv3pt5-77,0,0,0,0,0,1,0,0,0,0,0
sv3pt5-78,0,0,0,0,0,0,0,0,0,0,0
sv3pt5-79,0,0,1,0,0,0,0,0,0,0,0
sv3pt5-8,0,0,0,0,0,0,0,0,0,0,0
sv3pt5-80,0,1,1,0,0,0,0,0,0,0,0
sv3pt5-81,0,0,0,0,0,0,0,1,0,0,0
sv3pt5-82,0,0,0,0,0,0,0,1,0,0,0
sv3pt5-83,0,0,0,0,0,0,0,0,0,0,0
sv3pt5-84,0,0,0,0,0,0,0,1,0,0,0
sv3pt5-85,0,0,0,0,0,0,0,1,0,0,0
sv3pt5-86,1,0,0,0,0,0,0,0,0,0,0
sv3pt5-87,0,0,0,0,0,0,0,0,0,0,0
sv3pt5-88,0,0,0,0,0,0,0,0,0,0,0
sv3pt5-89,1,0,0,0,0,0,0,0,0,0,0
sv3pt5-9,0,0,0,0,0,1,0,0,0,0,0
sv3pt5-90,0,0,0,0,0,1,0,0,0,0,0
sv3pt5-91,0,0,0,0,0,1,0,0,0,0,0
sv3pt5-92,0,0,0,1,0,0,0,0,0,1,0
sv3pt5-93,0,0,0,1,0,0,0,0,0,1,0
sv3pt5-94,0,0,0,1,0,0,0,0,0,1,0
sv3pt5-95,0,0,0,0,0,1,0,0,0,0,0
sv3pt5-96,0,0,1,0,0,0,0,0,0,0,0
sv3pt5-97,0,0,0,0,0,0,0,0,0,0,0
sv3pt5-98,0,0,0,0,0,0,0,0,0,0,0
sv3pt5-99,0,0,0,0,0,0,0,0,0,0,0
sv4-102,0,0,0,0,0,0,0,0,0,1,0
sv4-109,0,0,0,0,1,0,1,0,0,0,0
sv4-112,0,0,0,0,0,0,1,0,0,0,0
sv4-113,0,0,0,1,0,0,0,0,0,1,0
sv4-114,0,0,1,0,0,0,0,0,0,0,0
sv4-117,0,0,0,0,0,0,0,0,0,1,0
sv4-118,0,0,0,0,0,0,1,0,0,0,0
sv4-120,0,0,0,0,0,0,1,0,0,0,0
sv4-121,0,0,0,0,0,0,0,0,0,0,0
sv4-123,0,0,0,1,0,0,0,0,0,0,0
sv4-124,0,0,0,0,0,1,0,0,0,0,0
sv4-125,0,0,0,0,0,0,0,0,0,0,0
sv4-126,0,1,1,0,0,0,0,0,0,0,0
sv4-127,0,1,1,0,0,0,0,0,0,0,0
sv4-13,0,0,0,0,0,0,0,0,0,0,0
sv4-131,0,0,0,0,0,0,0,0,0,0,0
sv4-133,0,0,0,0,0,0,0,0,0,0,1
sv4-138,0,1,0,0,0,0,0,0,0,0,0
sv4-14,0,0,0,0,0,0,0,1,0,0,0
sv4-141,0,0,0,1,0,0,0,0,0,1,0
sv4-143,0,0,0,0,0,0,0,0,0,0,1
sv4-144,0,0,0,0,0,0,1,1,0,0,0
sv4-145,0,0,0,0,0,0,0,0,0,0,0
sv4-147,0,0,0,0,1,0,0,0,0,0,0
sv4-148,0,1,0,0,0,0,0,0,0,0,0
sv4-153,0,0,1,0,0,0,0,0,0,0,0
sv4-154,0,1,0,0,0,0,0,0,0,0,0
sv4-159,1,0,0,0,0,0,0,0,0,0,0
sv4-160,1,0,0,0,0,0,0,0,0,0,0
sv4-161,1,0,0,0,0,0,0,0,0,0,0
sv4-172,1,0,0,0,0,0,0,0,0,0,0
sv4-173,1,0,0,0,0,0,0,0,0,0,0
sv4-174,1,0,0,0,0,0,0,0,0,0,0
sv4-175,0,1,0,0,0,0,0,1,0,0,0
sv4-183,0,0,0,0,0,0,0,0,0,1,0
sv4-184,0,0,0,0,0,0,1,0,0,1,0
sv4-185,0,0,0,0,0,0,1,0,0,0,0
sv4-186,0,0,1,0,0,0,0,0,0,0,0
sv4-187,0,1,0,0,0,0,1,0,0,0,0
sv4-188,0,1,1,0,0,0,0,0,0,0,0
sv4-189,0,0,1,0,0,0,0,0,0,0,0
sv4-190,0,0,1,0,0,0,0,0,0,0,1
sv4-191,0,0,0,0,0,0,0,0,0,0,0
sv4-192,0,0,0,1,0,0,0,0,0,0,0
sv4-193,0,0,1,0,0,0,0,0,0,0,0
sv4-194,0,0,1,0,0,0,0,0,0,0,0
sv4-195,0,0,0,0,0,0,1,0,0,0,0
sv4-196,0,0,1,0,0,1,0,0,0,0,0
sv4-197,0,0,0,0,0,0,1,0,0,1,0
sv4-198,0,0,0,0,0,0,0,0,0,0,1
sv4-199,0,0,0,0,0,1,1,0,0,0,0
sv4-200,0,1,0,0,0,0,0,0,0,0,0
sv4-201,0,0,1,0,0,0,0,0,0,0,0
sv4-202,0,0,1,0,1,0,0,0,0,0,0
sv4-203,0,0,0,0,1,0,1,0,0,0,0
sv4-204,0,0,1,0,0,0,0,0,0,0,0
sv4-205,0,0,0,1,0,0,0,0,0,1,0
sv4-206,0,0,1,1,0,0,0,0,0,0,0
sv4-207,0,0,0,1,0,0,0,0,0,1,0
sv4-208,0,0,1,0,0,0,0,0,0,0,0
sv4-209,0,0,1,0,0,0,0,0,0,0,0
sv4-210,0,0,0,0,1,0,1,0,0,0,0
sv4-211,0,1,1,0,0,0,0,1,0,0,0
sv4-212,0,0,0,0,0,0,1,0,1,0,0
sv4-213,0,1,0,0,0,0,0,0,0,0,0
sv4-214,0,0,1,1,0,0,0,0,0,0,0
sv4-215,0,0,1,0,0,0,0,0,0,0,0
sv4-216,0,0,0,0,0,0,1,0,0,0,1
sv4-233,0,0,0,0,0,1,0,0,0,1,0
sv4-239,0,0,0,0,0,0,0,0,0,0,0
sv4-240,0,0,0,0,0,0,0,0,0,0,0
sv4-241,0,0,0,0,0,0,0,0,0,0,0
sv4-242,0,0,0,0,0,0,0,0,0,0,0
sv4-246,0,0,0,0,0,0,1,0,0,0,0
sv4-247,0,0,1,1,0,0,0,0,0,0,0
sv4-248,0,0,1,0,0,0,0,0,0,0,1
sv4-249,0,0,0,0,0,0,1,0,0,0,0
sv4-250,0,1,0,0,0,0,0,0,0,0,1
sv4-31,0,0,0,0,0,0,0,0,0,0,0
sv4-32,0,0,0,0,0,1,0,0,0,0,0
sv4-33,0,0,0,0,0,0,0,0,0,0,0
sv4-34,0,0,0,0,0,0,0,1,0,0,0
sv4-35,0,0,0,0,0,0,0,0,0,0,0
sv4-40,0,0,0,0,0,0,0,0,0,0,0
sv4-41,0,0,0,0,0,0,0,0,0,0,1
sv4-42,0,0,0,0,0,0,0,0,0,0,0
sv4-47,0,0,0,0,0,0,0,0,0,0,1
sv4-5,0,0,0,0,1,0,0,0,0,0,0
sv4-52,0,0,0,1,0,0,0,0,0,0,0
sv4-62,0,0,0,1,0,0,0,0,0,1,0
sv4-64,0,0,0,0,1,0,0,0,0,0,0
sv4-69,0,0,0,0,0,0,0,1,0,0,0
sv4-7,0,0,0,0,0,0,0,1,0,0,0
sv4-96,0,0,0,0,0,0,0,0,0,0,1
sv6-1,1,0,0,0,0,0,0,0,0,0,0
sv6-10,1,0,0,0,0,0,0,0,0,0,0
sv6-100,0,0,0,0,0,0,0,0,0,0,0
sv6-101,0,0,0,0,0,0,0,0,0,0,0
sv6-102,0,0,0,0,0,0,0,0,0,0,0
sv6-103,0,0,0,0,0,0,0,0,0,0,0
sv6-104,1,0,0,0,0,0,0,0,0,0,0
sv6-105,0,0,0,0,0,0,0,0,0,0,0
sv6-106,0,0,0,0,0,1,0,0,0,0,0
sv6-107,1,0,0,0,0,0,0,0,0,0,0
sv6-108,0,0,0,0,0,0,0,0,0,0,0
sv6-109,0,0,0,0,0,0,0,0,0,0,0
sv6-11,1,0,0,0,0,0,0,0,0,0,0
sv6-110,0,0,0,0,0,0,0,0,0,1,0
sv6-111,0,0,0,0,0,0,0,0,0,0,0
sv6-112,0,0,0,0,0,1,0,0,0,0,0
sv6-113,0,0,0,0,0,0,0,0,0,0,0
sv6-114,0,0,0,0,0,0,0,0,0,0,0
sv6-115,0,0,0,1,0,0,0,0,0,0,0
sv6-116,0,0,0,0,0,0,0,0,0,0,0
sv6-117,0,0,0,0,0,0,0,0,0,0,0
sv6-118,0,0,0,0,0,1,0,0,0,0,0
sv6-119,0,0,0,0,0,0,0,0,0,0,0
sv6-12,1,0,0,0,0,0,0,0,0,0,0
sv6-120,0,0,0,0,0,0,0,0,0,0,0
sv6-121,0,0,0,1,0,0,0,0,0,0,0
sv6-122,0,0,0,0,0,0,0,0,0,0,0
sv6-123,0,0,0,1,0,0,1,0,0,0,0
sv6-124,0,0,0,0,0,0,0,0,0,0,0
sv6-125,0,0,0,0,0,0,0,0,0,0,0
sv6-126,0,0,0,0,0,0,0,1,0,0,0
sv6-127,0,0,0,0,0,0,0,0,0,0,0
sv6-128,0,0,0,0,0,0,0,0,0,0,0
sv6-129,0,0,0,0,0,0,0,0,0,0,0
sv6-13,0,0,0,0,0,0,0,0,0,0,0
sv6-130,0,0,0,0,0,1,0,0,0,0,0
sv6-131,0,0,0,0,0,0,0,0,0,0,0
sv6-132,0,0,1,0,0,0,0,0,0,0,0
sv6-133,1,0,0,0,0,0,0,0,0,0,0
sv6-134,0,0,0,0,0,1,1,0,0,0,0
sv6-135,0,0,0,0,0,0,0,0,0,0,0
sv6-136,0,0,0,0,0,0,0,0,0,0,0
sv6-137,0,0,0,1,0,0,0,0,0,0,0
sv6-138,0,0,0,0,0,0,0,0,0,0,0
sv6-139,0,0,1,0,0,0,0,0,0,0,0
sv6-14,0,0,0,0,0,0,0,0,0,0,0
sv6-140,0,0,0,0,0,0,0,0,0,0,0
sv6-141,0,0,0,0,0,1,0,0,0,0,0
sv6-142,1,0,0,0,0,0,0,0,0,0,0
sv6-143,1,0,0,0,0,0,0,0,0,0,0
sv6-144,1,0,0,0,0,0,0,0,0,0,0
sv6-145,0,0,0,0,0,0,0,0,0,0,0
sv6-146,0,0,0,0,0,0,0,0,0,0,0
sv6-147,0,0,0,0,0,0,0,0,0,0,0
sv6-148,0,0,0,0,0,0,0,0,0,0,0
sv6-149,0,0,0,0,0,0,0,0,0,0,0
sv6-15,0,0,0,0,0,0,0,0,0,0,0
sv6-150,0,0,0,0,0,0,0,0,0,0,0
sv6-151,0,0,0,0,0,0,0,0,0,0,0
sv6-152,1,0,0,0,0,0,0,0,0,0,0
sv6-153,0,0,0,0,0,0,0,0,0,0,0
sv6-154,0,0,0,0,0,0,0,0,0,0,0
sv6-155,0,0,0,0,0,0,0,0,0,0,0
sv6-156,0,0,0,0,0,0,0,0,0,0,0
sv6-157,0,0,0,0,0,0,0,0,0,0,0
sv6-158,0,0,0,0,0,0,0,0,0,0,0
sv6-159,0,0,0,0,0,0,0,0,0,0,0
sv6-16,1,0,0,0,0,0,0,0,0,0,0
sv6-160,0,0,0,0,0,0,0,0,0,0,0
sv6-161,0,0,0,0,0,0,0,0,0,0,0
sv6-162,1,0,0,0,0,0,0,0,0,0,0
sv6-163,1,0,0,0,0,0,0,0,0,0,0
sv6-164,0,0,0,0,0,0,0,0,0,0,0
sv6-165,0,0,0,0,0,0,0,0,0,0,0
sv6-166,1,0,0,0,0,0,0,0,0,0,0
sv6-167,1,0,0,0,0,0,0,0,0,0,0
sv6-168,0,0,1,0,0,0,0,0,0,0,1
sv6-169,0,0,1,0,0,0,0,0,0,0,0
sv6-17,0,0,0,0,0,0,0,0,0,0,0
sv6-170,0,0,1,0,0,0,0,0,1,0,0
sv6-171,0,0,0,0,0,0,0,0,0,0,1
sv6-172,0,0,0,0,1,0,0,1,0,0,0
sv6-173,0,0,0,0,0,0,0,0,0,0,0
sv6-174,0,0,0,0,0,0,0,0,0,0,0
sv6-175,0,1,1,0,0,0,0,0,0,0,0
sv6-176,0,0,0,0,0,0,0,1,0,1,0
sv6-177,0,0,0,0,0,1,0,0,0,0,0
sv6-178,0,1,1,0,0,0,0,0,0,0,0
sv6-179,0,0,1,0,0,0,0,1,0,0,0
sv6-18,0,0,0,0,0,0,0,0,0,0,0
sv6-180,0,0,0,0,0,0,0,0,0,0,0
sv6-181,0,0,0,0,0,0,0,0,0,0,0
sv6-182,0,0,0,0,0,0,0,0,0,0,0
sv6-183,0,0,0,0,0,0,0,0,0,0,0
sv6-184,0,0,1,0,0,0,0,0,0,0,0
sv6-185,0,0,1,0,0,0,0,0,0,0,0
sv6-186,0,0,0,0,0,0,0,0,0,0,1
sv6-187,0,0,0,0,0,0,0,0,0,0,1
sv6-188,0,0,1,0,1,0,0,0,0,0,0
sv6-189,0,0,0,0,0,1,0,0,0,0,0
sv6-19,0,0,0,0,0,0,0,0,0,0,0
sv6-190,0,0,0,0,0,1,0,0,0,0,0
sv6-191,0,0,0,0,0,1,0,0,0,0,0
sv6-192,0,0,0,0,0,1,0,0,0,0,0
sv6-193,0,0,0,0,0,1,0,0,0,0,0
sv6-194,0,0,0,0,0,1,0,0,0,0,0
sv6-195,0,0,0,0,0,1,0,0,0,0,0
sv6-196,0,0,0,0,0,1,0,0,0,0,0
sv6-197,0,0,0,0,0,1,0,0,0,0,0
sv6-198,0,0,0,0,0,1,0,0,0,0,0
sv6-199,0,0,0,0,0,1,0,0,0,0,0
sv6-2,0,0,0,0,0,0,0,0,0,0,0
sv6-20,0,0,0,0,0,0,0,0,0,0,0
sv6-200,0,0,0,0,0,1,0,0,0,0,0
sv6-201,0,0,0,0,0,0,0,0,0,0,0
sv6-202,0,0,0,0,0,0,0,0,0,0,0
sv6-203,0,0,0,0,0,0,0,0,0,0,0
sv6-204,0,0,0,0,0,0,0,0,0,0,0
sv6-205,0,0,0,0,0,0,0,0,0,0,0
sv6-206,0,0,0,0,0,0,0,0,0,0,0
sv6-207,0,0,0,0,0,0,0,0,0,0,0
sv6-208,1,0,0,0,0,0,0,0,0,0,0
sv6-209,0,0,0,0,0,0,0,0,0,0,0
sv6-21,1,0,0,0,0,0,0,0,0,0,0
sv6-210,0,0,0,0,0,0,0,0,0,0,1
sv6-211,0,0,0,0,0,0,0,0,0,0,0
sv6-212,0,0,0,1,0,0,1,0,0,0,0
sv6-213,0,0,0,1,0,0,1,0,0,0,0
sv6-214,0,0,0,1,0,0,1,0,0,0,0
sv6-215,0,0,0,1,0,0,1,0,0,0,0
sv6-216,0,0,1,0,0,0,0,0,0,0,0
sv6-217,0,0,0,0,0,0,0,0,0,0,0
sv6-218,0,0,0,0,0,0,0,0,0,0,0
sv6-219,0,0,1,0,0,0,0,0,0,0,0
sv6-22,1,0,0,0,0,0,0,0,0,0,0
sv6-220,0,0,0,0,0,0,0,0,0,0,0
sv6-221,0,0,0,0,0,0,0,0,0,0,0
sv6-222,0,0,0,0,0,0,0,0,0,0,0
sv6-223,0,0,0,0,0,0,0,0,0,0,0
sv6-224,0,0,0,0,0,0,0,0,0,0,0
sv6-225,0,0,0,0,0,0,0,0,0,0,0
sv6-226,1,0,0,0,0,0,0,0,0,0,0
sv6-23,0,0,0,0,0,1,0,0,0,0,0
sv6-24,1,0,0,0,0,0,0,0,0,0,0
sv6-25,0,0,0,0,0,1,0,0,0,0,0
sv6-26,0,0,1,0,0,0,0,0,0,0,0
sv6-27,0,0,0,0,0,0,0,0,0,0,0
sv6-28,1,0,0,0,0,0,0,0,0,0,0
sv6-29,0,0,0,0,0,1,0,0,0,0,0
sv6-3,1,0,0,0,0,0,0,0,0,0,0
sv6-30,0,0,0,0,0,0,0,0,0,0,0
sv6-31,0,0,0,0,0,0,0,0,0,0,0
sv6-32,0,0,0,0,0,0,0,0,0,0,0
sv6-33,0,0,0,0,0,0,0,0,0,0,0
sv6-35,1,0,0,0,0,0,0,0,0,0,0
sv6-36,0,0,0,0,0,0,0,0,0,0,0
sv6-37,0,0,0,0,0,0,0,0,0,0,0
sv6-38,0,0,0,0,0,0,0,0,0,0,0
sv6-39,1,0,0,0,0,0,0,0,0,0,0
sv6-4,0,0,0,0,0,0,0,0,0,0,0
sv6-40,0,0,0,0,0,1,0,0,0,0,0
sv6-41,0,0,0,0,1,0,0,0,0,0,0
sv6-42,0,0,0,0,0,0,0,0,0,0,0
sv6-43,0,0,0,0,0,0,0,0,0,0,0
sv6-44,0,0,0,0,0,0,0,0,0,0,0
sv6-45,0,0,0,0,0,0,0,0,0,0,0
sv6-47,1,0,0,0,0,0,0,0,0,0,0
sv6-48,0,0,0,0,0,0,0,0,0,0,0
sv6-49,0,0,0,0,0,0,0,0,0,0,0
sv6-5,0,0,0,0,0,0,0,0,0,0,0
sv6-50,0,0,0,0,0,0,0,0,0,0,0
sv6-51,0,0,1,0,0,0,0,0,0,0,0
sv6-52,0,0,0,0,1,0,0,0,0,0,0
sv6-53,0,0,0,0,0,0,0,0,0,0,0
sv6-54,0,0,0,0,0,0,0,0,0,0,0
sv6-55,0,0,0,0,0,0,0,0,0,0,0
sv6-56,0,0,0,0,0,0,0,1,0,0,0
sv6-57,0,0,0,0,0,0,0,0,0,0,0
sv6-58,1,0,0,0,0,0,0,0,0,0,0
sv6-59,0,0,0,0,0,0,0,0,0,0,0
sv6-6,0,0,0,0,0,0,0,0,0,0,0
sv6-60,0,0,0,0,0,0,0,0,0,0,0
sv6-61,0,0,0,0,0,1,0,0,0,0,0
sv6-62,1,0,0,0,0,0,0,0,0,0,0
sv6-63,0,0,0,0,0,0,0,0,0,0,0
sv6-64,0,0,0,0,0,1,0,0,0,0,0
sv6-65,0,0,0,0,0,1,0,0,0,0,0
sv6-66,0,0,0,0,0,0,0,0,0,0,0
sv6-67,0,0,0,0,0,0,0,0,0,0,0
sv6-68,0,0,0,0,0,1,0,0,0,0,0
sv6-69,0,0,0,0,0,0,0,0,0,0,0
sv6-7,0,0,0,0,0,0,0,0,0,0,0
sv6-70,1,0,0,0,0,0,0,0,0,0,0
sv6-71,1,0,0,0,0,0,0,0,0,0,0
sv6-72,0,0,0,0,0,0,0,0,0,0,0
sv6-73,0,0,0,0,0,0,0,0,0,0,0
sv6-74,0,0,0,0,0,0,0,0,0,0,0
sv6-75,0,0,0,0,0,0,0,0,0,0,0
sv6-76,0,0,0,0,0,0,0,0,0,0,0
sv6-77,0,0,0,0,0,1,0,0,0,0,0
sv6-78,0,0,0,0,0,0,0,0,0,0,0
sv6-79,0,0,0,0,0,0,0,0,0,0,0
sv6-8,0,0,0,0,0,0,0,0,0,0,0
sv6-80,0,0,0,0,0,0,0,0,0,0,0
sv6-81,0,0,0,0,0,0,0,0,0,0,0
sv6-82,1,0,0,0,0,0,0,0,0,0,0
sv6-83,0,0,0,1,0,0,0,0,0,0,0
sv6-84,0,0,0,0,0,0,0,0,0,0,0
sv6-85,0,0,0,0,0,0,0,0,0,0,0
sv6-86,0,0,0,0,0,0,0,0,0,0,0
sv6-87,0,0,0,0,0,0,0,0,0,0,0
sv6-88,0,0,0,0,0,0,0,0,0,0,0
sv6-89,0,0,1,0,0,0,0,0,0,0,0
sv6-9,0,0,0,0,0,0,0,0,0,0,0
sv6-90,0,0,0,0,0,0,0,0,0,0,0
sv6-91,0,0,0,0,0,0,0,1,0,0,0
sv6-92,0,0,0,0,0,0,0,0,0,0,0
sv6-93,1,0,0,0,0,0,0,0,0,0,0
sv6-94,0,0,0,0,0,1,0,0,0,0,0
sv6-95,0,0,0,0,0,0,0,0,0,0,0
sv6-96,0,0,0,0,0,0,0,0,0,0,0
sv6-97,0,0,0,0,0,0,0,0,0,0,0
sv6-98,1,0,0,0,0,0,0,0,0,0,0
sv6-99,0,0,0,0,0,0,0,0,0,0,0
sv8-1,0,0,0,0,1,0,0,0,0,0,0
sv8-102,0,0,1,0,0,0,0,0,0,0,0
sv8-103,0,0,0,0,0,0,0,0,0,0,0
sv8-105,0,0,0,0,1,0,0,0,0,0,0
sv8-106,0,0,0,1,0,0,0,0,0,0,0
sv8-107,0,0,1,0,0,0,0,0,0,0,0
sv8-11,0,0,0,0,0,1,0,0,0,0,0
sv8-110,0,0,0,0,0,0,1,0,0,0,0
sv8-111,0,0,1,0,0,0,0,0,0,0,0
sv8-112,0,0,0,0,0,0,0,0,1,0,0
sv8-113,0,0,0,0,0,0,1,0,0,0,0
sv8-116,0,0,0,0,0,0,1,0,0,0,0
sv8-119,0,0,0,1,0,0,0,0,0,0,0
sv8-12,0,0,0,0,0,1,0,0,0,0,0
sv8-121,0,0,0,0,0,0,1,0,0,0,0
sv8-122,0,0,0,0,1,0,0,0,0,0,0
sv8-124,0,0,0,0,0,1,0,0,0,0,0
sv8-125,0,0,0,0,0,0,1,0,0,0,0
sv8-128,0,0,0,0,0,0,0,0,0,1,0
sv8-129,0,0,0,0,0,0,1,0,0,0,0
sv8-130,0,0,0,1,0,0,0,0,0,0,0
sv8-131,0,0,0,0,0,0,1,0,1,0,0
sv8-132,0,0,0,0,0,1,0,0,0,0,0
sv8-133,0,0,0,1,0,0,0,0,0,0,0
sv8-134,0,0,1,0,0,0,0,0,0,0,0
sv8-138,0,0,0,0,0,0,0,1,0,0,0
sv8-14,0,0,0,0,0,0,1,0,0,0,0
sv8-140,0,0,0,0,1,0,0,0,0,0,0
sv8-141,0,0,0,0,0,0,1,0,0,0,0
sv8-142,0,0,0,1,0,0,0,0,0,0,0
sv8-144,0,0,1,0,0,0,0,0,0,0,0
sv8-145,0,0,1,0,0,0,0,0,0,0,0
sv8-147,0,0,0,0,0,1,0,0,0,0,0
sv8-15,0,0,0,0,0,0,1,0,0,0,0
sv8-150,0,0,0,0,0,0,0,0,0,1,0
sv8-153,0,0,0,0,0,0,1,0,0,0,0
sv8-154,0,0,1,0,0,0,0,0,0,0,0
sv8-157,0,0,1,0,0,0,0,0,0,0,0
sv8-159,0,0,0,1,0,0,0,0,0,0,0
sv8-160,0,0,0,0,0,1,0,0,0,0,0
sv8-19,0,0,0,0,0,0,1,0,0,0,0
sv8-192,0,0,1,0,0,0,0,0,0,0,0
sv8-193,0,0,0,0,0,0,0,1,0,0,0
sv8-194,0,0,1,0,0,0,0,0,0,0,0
sv8-195,0,0,0,1,0,0,0,0,0,0,0
sv8-196,0,1,0,0,1,0,0,0,0,0,0
sv8-197,0,0,0,1,0,0,0,0,0,1,0
sv8-198,0,1,0,0,0,0,0,0,0,0,0
sv8-199,0,0,1,0,0,0,0,0,0,0,0
sv8-20,0,0,0,0,0,0,0,0,1,0,1
sv8-200,0,0,1,0,0,0,0,0,0,0,0
sv8-201,0,0,1,0,0,0,0,0,0,0,0
sv8-202,0,1,0,0,0,0,0,1,0,0,0
sv8-203,0,0,0,0,0,0,1,0,0,0,0
sv8-204,0,0,1,0,0,0,0,0,0,0,0
sv8-205,0,0,1,0,0,0,0,0,0,0,0
sv8-206,0,0,0,0,0,1,0,0,0,0,0
sv8-207,0,0,0,0,0,0,0,0,1,0,0
sv8-208,0,0,0,0,0,0,0,0,1,0,0
sv8-209,0,0,0,0,1,0,0,0,0,0,0
sv8-210,0,0,0,1,0,0,0,0,0,0,0
sv8-211,0,0,0,0,1,0,0,0,0,0,0
sv8-212,0,1,0,0,0,0,0,0,0,0,0
sv8-213,0,0,0,0,0,0,0,0,1,0,0
sv8-214,0,0,0,0,1,0,0,0,0,0,0
sv8-215,0,0,0,0,0,1,0,0,0,0,0
sv8-23,0,0,0,0,0,0,1,0,0,0,0
sv8-24,0,0,0,0,0,0,1,0,0,0,0
sv8-25,0,0,0,0,0,0,1,0,0,0,0
sv8-29,0,0,1,0,0,0,0,0,0,0,0
sv8-31,0,0,0,0,0,1,0,0,0,0,0
sv8-33,0,0,0,0,0,0,0,0,0,0,0
sv8-34,0,0,0,0,0,0,1,0,0,0,0
sv8-35,0,0,0,0,0,0,1,0,0,0,0
sv8-36,0,0,0,1,0,1,0,0,0,0,0
sv8-37,0,0,0,0,0,1,0,0,0,0,0
sv8-38,0,0,0,0,0,0,0,0,0,1,0
sv8-39,0,0,0,0,0,0,0,0,1,0,0
sv8-4,0,0,0,0,0,1,0,0,0,0,0
sv8-41,0,0,0,0,1,0,0,0,0,0,0
sv8-42,0,0,0,0,0,1,0,0,0,0,0
sv8-43,0,0,1,0,0,0,0,0,0,0,0
sv8-46,0,0,1,0,0,0,0,0,0,0,0
sv8-48,0,0,0,0,0,0,1,0,0,0,0
sv8-49,0,0,0,0,1,0,0,0,0,0,0
sv8-51,0,0,0,0,0,1,0,0,0,0,0
sv8-52,0,0,0,0,0,1,0,0,0,0,0
sv8-57,0,0,0,1,0,1,0,0,0,0,0
sv8-68,0,0,0,0,0,1,1,0,0,0,0
sv8-7,0,0,1,0,0,0,0,0,0,0,0
sv8-70,0,0,0,0,1,0,0,0,0,0,0
sv8-71,0,0,0,0,1,0,0,0,0,0,0
sv8-72,0,0,0,0,0,0,0,0,1,0,0
sv8-8,0,0,0,0,0,0,0,0,0,1,0
sv8-84,0,0,1,0,0,0,0,0,1,0,0
sv8-85,0,0,1,0,0,0,0,0,0,0,0
sv8-86,0,0,0,1,0,0,0,0,0,0,0
sv8-87,0,0,0,0,0,0,1,0,0,0,0
sv8-88,0,0,0,0,0,0,1,0,0,0,0
sv8-89,0,0,1,0,0,0,0,0,0,0,0
sv8-9,0,0,1,0,0,0,1,0,0,0,0
sv8-90,0,0,0,0,1,0,0,0,0,0,0
sv8-91,0,0,0,1,0,0,0,0,0,0,0
sv8-92,1,0,0,0,0,0,0,0,0,0,0
sv8-93,0,0,1,0,0,0,0,0,0,0,0
sv8-94,0,0,1,0,0,0,0,0,0,0,0
sv8-95,0,0,0,0,0,1,0,0,0,0,0
sv8-96,0,0,0,0,0,1,1,0,0,0,0
sv8pt5-15,0,0,0,0,1,0,0,0,0,0,0
sv8pt5-154,0,0,0,0,0,0,1,0,0,1,0
sv8pt5-164,0,0,0,0,0,0,1,0,0,0,1
sv8pt5-176,0,1,0,0,0,0,0,0,0,0,0
sv8pt5-177,0,1,0,0,0,0,0,0,0,0,0
sv8pt5-178,0,1,0,0,0,0,0,0,0,0,0
sv8pt5-179,0,1,0,0,0,0,0,0,0,0,0
sv8pt5-180,0,1,0,0,0,0,0,0,0,0,0
swsh11tg-TG01,0,0,0,0,0,0,0,0,0,0,0
swsh11tg-TG02,0,0,0,0,0,0,0,0,0,0,0
swsh11tg-TG03,0,0,0,0,0,0,0,0,1,0,0
swsh11tg-TG04,0,0,0,0,0,0,0,0,0,0,0
swsh11tg-TG05,0,0,0,0,0,0,0,0,1,0,0
swsh11tg-TG06,0,0,1,0,0,0,0,0,0,0,0
swsh11tg-TG07,0,0,0,0,0,0,0,0,0,0,0
swsh11tg-TG08,0,0,0,0,0,0,0,0,1,0,0
swsh11tg-TG09,0,0,0,0,0,0,0,0,1,0,0
swsh11tg-TG10,0,0,0,0,0,1,0,0,0,0,0
swsh11tg-TG11,0,0,0,0,0,1,0,0,0,0,0
swsh11tg-TG12,0,0,0,0,0,0,0,0,1,0,0
swsh11tg-TG13,0,0,0,0,0,0,1,0,0,0,0
swsh11tg-TG14,0,0,0,0,0,0,0,0,0,0,0
swsh11tg-TG15,0,0,0,0,0,0,1,0,0,0,0
swsh11tg-TG16,0,0,0,0,0,0,0,0,1,0,0
swsh11tg-TG17,0,0,0,0,0,0,1,0,0,0,0
swsh11tg-TG18,0,0,0,0,0,0,0,0,1,0,0
swsh11tg-TG19,0,0,0,0,0,1,0,0,1,0,0
swsh11tg-TG20,0,0,0,0,0,1,0,0,1,0,0
swsh11tg-TG21,0,0,0,0,0,1,0,0,0,0,0
swsh11tg-TG22,0,0,0,0,0,1,1,0,0,0,0
swsh11tg-TG23,1,0,0,0,0,0,0,0,0,0,0
swsh11tg-TG24,0,0,0,0,0,0,0,0,0,0,0
swsh11tg-TG25,0,0,0,0,0,0,0,0,0,0,0
swsh11tg-TG26,0,0,0,0,0,0,0,0,0,0,0
swsh11tg-TG27,0,0,0,0,0,0,0,0,0,0,0
swsh11tg-TG28,0,0,0,0,0,0,0,0,0,0,0
swsh11tg-TG29,0,0,0,0,0,1,1,0,0,0,0
swsh11tg-TG30,0,0,0,0,0,1,0,0,0,0,0
swsh12pt5gg-GG01,0,0,1,0,0,0,0,0,0,0,0
swsh12pt5gg-GG02,0,0,1,0,0,0,0,0,0,0,0
swsh12pt5gg-GG03,0,0,1,0,1,0,0,0,0,0,0
swsh12pt5gg-GG04,0,0,0,1,1,0,0,0,0,0,0
swsh12pt5gg-GG05,0,0,1,0,0,1,0,0,0,0,0
swsh12pt5gg-GG06,0,0,1,0,0,0,0,0,0,0,0
swsh12pt5gg-GG07,0,1,1,0,0,0,0,0,0,0,0
swsh12pt5gg-GG08,0,0,1,0,0,0,0,0,0,0,1
swsh12pt5gg-GG09,0,0,1,0,0,1,0,0,0,0,0
swsh12pt5gg-GG10,0,0,1,0,0,0,0,0,0,0,0
swsh12pt5gg-GG11,0,0,1,0,1,0,0,0,0,0,0
swsh12pt5gg-GG12,0,0,0,0,0,0,1,0,0,0,0
swsh12pt5gg-GG14,0,0,0,0,0,0,0,0,0,0,0
swsh12pt5gg-GG15,0,0,1,0,0,0,0,0,0,0,0
swsh12pt5gg-GG16,0,0,0,0,0,0,1,0,0,0,0
swsh12pt5gg-GG17,0,0,0,0,0,0,0,0,1,0,0
swsh12pt5gg-GG18,0,0,1,0,0,0,0,0,0,0,0
swsh12pt5gg-GG19,0,0,1,0,0,0,0,1,0,0,0
swsh12pt5gg-GG20,0,0,1,0,0,0,0,0,0,0,0
swsh12pt5gg-GG21,0,0,0,0,0,1,0,0,0,0,0
swsh12pt5gg-GG22,0,0,1,0,0,0,0,0,0,0,0
swsh12pt5gg-GG23,0,0,1,0,0,0,0,0,0,0,0
swsh12pt5gg-GG24,0,0,1,0,0,0,0,0,0,0,0
swsh12pt5gg-GG25,0,0,1,0,0,0,0,0,0,0,0
swsh12pt5gg-GG26,0,0,0,0,0,1,0,0,0,0,0
swsh12pt5gg-GG27,0,0,0,0,0,1,0,0,0,0,0
swsh12pt5gg-GG28,0,0,0,0,0,0,0,0,0,0,0
swsh12pt5gg-GG29,0,0,0,0,0,1,0,0,0,0,0
swsh12pt5gg-GG30,0,0,1,0,0,1,0,0,0,0,0
swsh12pt5gg-GG31,0,0,0,0,0,1,0,0,0,0,0
swsh12pt5gg-GG32,0,0,0,0,0,1,0,0,0,0,0
swsh12pt5gg-GG33,0,0,0,0,0,1,0,0,0,0,0
swsh12pt5gg-GG34,0,0,0,0,0,1,0,0,0,0,0
swsh12pt5gg-GG35,0,0,0,1,0,0,0,0,0,0,0
swsh12pt5gg-GG36,0,0,0,0,0,0,0,0,0,0,0
swsh12pt5gg-GG38,0,0,0,0,0,1,1,0,0,0,0
swsh12pt5gg-GG39,0,0,0,1,0,0,0,0,0,0,0
swsh12pt5gg-GG40,0,0,0,0,0,0,1,0,0,0,0
swsh12pt5gg-GG41,0,0,0,0,0,1,1,0,0,0,0
swsh12pt5gg-GG42,0,0,1,0,0,0,1,0,0,0,0
swsh12pt5gg-GG43,0,0,0,1,0,0,1,0,0,0,0
swsh12pt5gg-GG44,0,0,0,1,0,0,1,0,1,0,0
swsh12pt5gg-GG45,0,0,1,0,0,1,0,0,0,0,0
swsh12pt5gg-GG46,0,0,0,1,0,0,1,0,0,0,0
swsh12pt5gg-GG47,0,0,0,0,0,0,1,0,0,0,0
swsh12pt5gg-GG48,0,1,0,0,0,0,0,0,0,0,0
swsh12pt5gg-GG49,0,0,0,0,0,0,0,1,0,0,0
swsh12pt5gg-GG50,0,0,0,0,1,0,0,0,0,0,0
swsh12pt5gg-GG51,0,0,0,0,0,1,0,0,0,0,0
swsh12pt5gg-GG52,0,0,0,1,0,0,0,0,0,0,0
swsh12pt5gg-GG53,0,0,0,0,0,1,0,0,0,0,0
swsh12pt5gg-GG54,0,0,0,1,0,0,0,0,0,0,0
swsh12pt5gg-GG55,0,0,0,0,0,0,0,0,0,1,0
swsh12pt5gg-GG56,0,0,0,0,0,0,0,0,0,0,0
swsh12pt5gg-GG57,0,0,0,0,0,0,0,0,0,0,0
swsh12pt5gg-GG58,0,0,0,0,0,0,0,0,1,0,0
swsh12pt5gg-GG59,0,0,0,0,0,0,0,0,0,0,0
swsh12pt5gg-GG60,0,0,0,0,0,0,0,0,0,0,0
swsh12pt5gg-GG62,0,0,1,0,0,0,0,0,0,0,0
swsh12pt5gg-GG63,0,0,0,0,0,0,0,0,1,0,0
swsh12pt5gg-GG64,0,0,0,0,0,0,0,0,1,0,0
swsh12pt5gg-GG65,0,0,0,0,0,0,0,0,1,0,0
swsh12pt5gg-GG66,0,0,0,0,0,0,0,0,0,0,1
swsh12pt5gg-GG67,0,0,0,0,1,0,0,0,0,1,0
swsh12pt5gg-GG68,0,0,0,0,1,0,0,0,0,1,0
swsh12pt5gg-GG69,0,0,0,0,1,0,0,0,0,1,0
swsh12pt5gg-GG70,0,0,0,0,1,0,0,0,0,1,0
sv4-15,0,0,0,1,0,0,0,0,0,1,0
sv6-34,0,0,0,0,0,0,0,0,1,0,0
sv6-46,0,0,0,0,1,0,0,0,0,0,0
sv8pt5-1,1,0,0,0,0,0,0,0,0,0,0
sv8pt5-145,0,0,0,0,0,0,0,0,1,0,1
sv8pt5-146,0,0,0,0,0,0,0,0,0,0,0
sv8pt5-147,0,0,0,0,0,0,1,0,0,1,0
sv8pt5-148,0,0,0,0,0,0,0,0,1,0,0
sv8pt5-149,0,0,0,1,0,0,0,0,0,0,0
sv8pt5-150,0,0,0,1,0,0,1,0,0,0,0
sv8pt5-151,0,0,0,0,0,0,0,0,0,1,0
sv8pt5-152,0,0,0,0,0,0,0,0,1,0,0
sv8pt5-153,0,0,0,1,0,1,1,0,0,0,0
sv8pt5-155,0,0,0,0,0,0,1,0,0,0,0
sv8pt5-156,0,0,1,1,0,0,0,0,0,0,0
sv8pt5-157,0,0,0,0,0,0,1,0,0,1,0
sv8pt5-158,0,0,0,0,0,0,0,0,0,1,1
sv8pt5-159,0,0,0,1,0,0,0,0,1,0,0
sv8pt5-16,0,0,0,0,0,0,1,0,0,0,0
sv8pt5-160,0,0,0,0,0,0,0,0,1,0,0
sv8pt5-161,0,0,0,0,0,0,1,0,0,0,0
sv8pt5-162,0,0,0,0,0,0,1,0,1,1,0
sv8pt5-163,0,0,0,0,0,0,0,0,0,0,1
sv8pt5-165,0,0,0,1,0,0,0,0,0,0,0
sv8pt5-166,0,0,0,1,0,0,0,0,1,0,0
sv8pt5-167,0,0,0,1,0,0,0,0,0,0,0
sv8pt5-168,0,0,0,0,0,0,1,0,0,0,1
sv8pt5-169,0,0,0,1,0,0,0,0,0,1,0
sv8pt5-170,0,0,0,0,0,0,0,0,0,0,1
sv8pt5-171,0,0,0,0,0,0,0,0,0,0,0
sv8pt5-18,0,1,0,0,0,0,0,0,0,0,1
sv8pt5-19,0,1,0,0,1,0,0,0,0,0,0
sv8pt5-2,1,0,0,0,0,0,0,0,0,0,0
sv8pt5-20,0,0,0,0,0,0,0,0,0,1,0
sv8pt5-21,0,0,0,0,0,1,0,0,0,0,0
sv8pt5-24,1,0,0,0,0,0,0,0,0,0,0
sv8pt5-29,0,0,0,0,0,0,1,0,0,0,0
sv8pt5-33,1,0,0,0,0,0,0,0,0,0,0
sv8pt5-35,1,0,0,0,0,0,0,0,0,0,0
sv8pt5-36,1,0,0,0,0,0,0,0,0,0,0
sv8pt5-39,0,0,1,0,0,0,1,0,0,0,0
sv8pt5-4,0,0,1,0,0,0,0,0,0,0,0
sv8pt5-40,0,1,1,0,0,0,0,0,0,0,0
sv8pt5-47,0,1,0,0,0,0,0,0,0,0,1
sv8pt5-48,0,1,0,0,0,0,0,0,0,0,1
sv8pt5-5,0,0,1,0,0,0,0,0,0,0,0
sv8pt5-50,0,0,1,0,0,0,1,0,0,0,0
sv8pt5-52,0,1,0,0,1,0,0,0,0,0,0
sv8pt5-53,0,0,0,0,1,0,0,0,0,0,0
sv8pt5-69,0,0,0,0,0,0,1,0,0,0,0
sv8pt5-71,0,1,0,0,0,0,0,0,0,0,0
sv8pt5-72,0,0,0,0,0,1,1,0,0,0,0
sv8pt5-74,0,1,1,0,0,0,0,0,0,0,0
sv8pt5-80,0,0,1,0,0,0,0,0,0,0,0
sv8pt5-81,0,0,0,0,0,0,0,0,1,0,0
sv8pt5-83,0,0,0,0,0,0,1,0,0,0,0
sv8pt5-84,0,1,0,0,0,0,1,0,0,0,0
swsh12pt5gg-GG37,0,0,0,0,0,0,0,0,1,0,0
swsh12pt5gg-GG61,0,0,1,1,0,0,0,0,0,0,0
